"ReachID";"X";"Y";"MonitoringProgram";"Watershed";"currentms";"tempmaxC";"orgmicropollTU";"saprowqclass";"shade";"Lit_Inp";"C_P";"C_N";"Occurrence.Chironomidae";"Occurrence.Simuliidae";"Occurrence.Limoniidae";"Occurrence.Baetisrhodani";"Occurrence.Baetisalpinus";"Occurrence.Empididae";"Occurrence.Ceratopogonidae";"Occurrence.Elmidae";"Occurrence.Nemouramortoni";"Occurrence.Baetismuticus";"Occurrence.Drususdiscolor";"Occurrence.Protonemuralateralis";"Occurrence.Athericidae";"Occurrence.Gammaridae";"Occurrence.Rhyacophilatristis";"Occurrence.Planariidae";"Occurrence.Leuctrabraueri";"Occurrence.Nemouraminima";"Occurrence.Hydraenidae";"Occurrence.Ecdyonurushelveticus";"Occurrence.Sericostoma";"Occurrence.Habroleptoidesconfusa";"Occurrence.Scirtidae";"Occurrence.Brachypterarisi";"Occurrence.Sphaeriidae";"Occurrence.Blephariceridae";"Occurrence.Odontocerumalbicorne";"Occurrence.Leuctranigra";"Occurrence.Tipulidae";"Occurrence.Drususannulatus";"Occurrence.Dixidae";"Occurrence.Drususbiguttatus";"Occurrence.Metanoeaflavipennis";"Occurrence.Ecdyonurusvenosus";"Occurrence.Habrophlebialauta";"Occurrence.Stratiomyidae";"Occurrence.Potamophylaxcingulatus";"Occurrence.Protonemuraintricata";"Occurrence.Centroptilumluteolum";"Occurrence.Hydropsychesiltalai";"Occurrence.Epeorusassimilis";"Occurrence.Baetislutheri";"Occurrence.Rhithrogenapicteti";"Occurrence.Dugesiidae";"Occurrence.Paraleptophlebiasubmarginata";"Occurrence.Dytiscidae";"Occurrence.Lymnaeidae";"Occurrence.Habroleptoidesauberti";"Occurrence.Isoperlagrammatica";"Occurrence.Capnioneuranemuroides";"Occurrence.Melampophylaxmucoreus";"Occurrence.Ecclisopteryxmadida";"Occurrence.Nemouraflexuosa";"Occurrence.Chaetopteryxvillosa";"Occurrence.Ephemeradanica";"Occurrence.Erpobdellidae";"Occurrence.Allogamusauricollis";"Occurrence.Serratellaignita";"Occurrence.Hydroptila";"Occurrence.Glossiphoniidae";"Occurrence.Ecdyonurustorrentis";"Occurrence.Rhithrogenasemicolorata";"Occurrence.Gyrinidae";"Occurrence.Caenismacrura";"Occurrence.Torleyamajor";"Occurrence.Psychomyiapusilla";"Occurrence.Hydropsycheincognita";"Occurrence.Protonemurameyeri";"Occurrence.Baetisvardarensis";"Occurrence.Caenisluctuosa";"Occurrence.Hydropsycheangustipennis";"Occurrence.Gomphidae";"Occurrence.Besdolusimhoffi";"Occurrence.Cheumatopsychelepida";"Occurrence.Micrasemasetiferum";"Occurrence.Nemouraavicularis";"Occurrence.Ithytrichia";"Occurrence.Leuctramajor";"Occurrence.Philopotamusludificatus";"Occurrence.Metanoearhaetica";"Occurrence.Rhithrogenaputhzi";"Occurrence.Epeorusalpicola";"Occurrence.Protonemuranimborum";"Occurrence.Chloroperlasusemicheli";"Occurrence.Leuctrahippopus";"Occurrence.Hydropsychetenuis";"Occurrence.Amphinemurasulcicollis";"Occurrence.Cryptothrixnebulicola";"Occurrence.Isoperlarivulorum";"Occurrence.Rhyacophilapraemorsa";"Occurrence.Rhyacophilapubescens";"Occurrence.Cordulegastridae";"Occurrence.Electrogenaujhelyii";"Occurrence.Siphonoperlatorrentium";"Occurrence.Sialidae";"Occurrence.Nemouramarginata";"Occurrence.Rhithrogenaloyolaea";"Occurrence.Protonemurabrevistyla";"Occurrence.Rhyacophilaintermedia";"Occurrence.Rhithrogenaalpestris";"Occurrence.Ecdyonuruspicteti";"Occurrence.Drususmelanchaetes";"Occurrence.Rhithrogenadegrangei";"Occurrence.Leuctraschmidi";"Occurrence.Dictyogenusalpinus";"Occurrence.Drususmuelleri";"Occurrence.Rhyacophilaglareosa";"Occurrence.Drususnigrescens";"Occurrence.Hydropsycheinstabilis";"Occurrence.Melampophylaxmelampus";"Occurrence.Tinodesunicolor";"Occurrence.Potamopyrgusantipodarum";"Occurrence.Rhyacophilahirticornis";"Occurrence.Thaumaleidae";"Occurrence.Rhithrogenagrischuna";"Occurrence.Rhyacophilarectispina";"Occurrence.Drususalpinus";"Occurrence.Isoperlacarbonaria";"Occurrence.Catagapetusnigrans";"Occurrence.Leuctraarmata"
"CH114BEAa";623712;199785;"NAWA TREND";"Aare";0.582164236532239;18.1529574814893;-2.07628091687188;1;0.2173074;136.768113704595;0.0121781012314104;1.37313268039695;1;1;1;1;1;0;0;1;0;0;1;0;0;0;0;0;0;0;1;0;0;0;0;0;0;0;0;1;0;1;0;1;1;1;0;0;1;1;0;1;0;1;0;0;0;0;0;0;1;1;1;1;1;0;NA;NA;NA;NA;NA;NA;NA;NA;NA;NA;NA;NA;NA;NA;NA;NA;NA;NA;NA;NA;NA;NA;NA;NA;NA;NA;NA;NA;NA;NA;NA;NA;NA;NA;NA;NA;NA;NA;NA;NA;NA;NA;NA;NA;NA;NA;NA;NA;NA;NA;NA;NA;NA;NA;NA;NA;NA;NA;NA;NA;NA;NA;NA;NA;NA;NA
"CH032AGAa";634429;239712;"NAWA TREND";"Aare";0.367917091744791;20.1851208899171;-0.96759811378234;2;0.6;510.814863771564;0.0293132216415569;2.68183277587947;1;0;1;1;0;0;1;1;0;1;0;0;0;1;1;0;0;0;1;0;0;1;1;1;0;0;0;0;0;0;0;0;0;1;0;0;0;0;1;0;0;1;0;0;0;0;1;0;1;0;0;1;0;0;NA;NA;NA;NA;NA;NA;NA;NA;NA;NA;NA;NA;NA;NA;NA;NA;NA;NA;NA;NA;NA;NA;NA;NA;NA;NA;NA;NA;NA;NA;NA;NA;NA;NA;NA;NA;NA;NA;NA;NA;NA;NA;NA;NA;NA;NA;NA;NA;NA;NA;NA;NA;NA;NA;NA;NA;NA;NA;NA;NA;NA;NA;NA;NA;NA;NA
"CH089SOAa";634000;244025;"NAWA TREND";"Aare";0.782207781420952;20.8515429003919;-0.957845156098471;1;0.5223972;284.750856540941;0.0228173323250229;2.47819274871167;1;0;1;1;0;0;0;1;0;0;0;0;0;0;0;0;0;0;0;0;0;0;0;0;0;0;0;0;0;0;0;1;1;1;0;0;1;1;0;0;0;1;0;0;0;0;0;0;0;0;0;0;1;0;NA;NA;NA;NA;NA;NA;NA;NA;NA;NA;NA;NA;NA;NA;NA;NA;NA;NA;NA;NA;NA;NA;NA;NA;NA;NA;NA;NA;NA;NA;NA;NA;NA;NA;NA;NA;NA;NA;NA;NA;NA;NA;NA;NA;NA;NA;NA;NA;NA;NA;NA;NA;NA;NA;NA;NA;NA;NA;NA;NA;NA;NA;NA;NA;NA;NA
"CH063BEAa";628600;232897;"NAWA TREND";"Aare";1.20377268091087;20.2913976614665;-1.06331668826717;2;0.3793548;229.034629982709;0.037221190297192;3.52073098134124;1;1;1;1;0;0;0;1;0;0;0;0;0;0;0;0;0;0;0;0;0;0;0;0;0;0;0;0;0;0;0;0;1;1;0;0;0;0;0;1;0;1;0;0;0;0;0;0;1;0;0;0;0;0;NA;NA;NA;NA;NA;NA;NA;NA;NA;NA;NA;NA;NA;NA;NA;NA;NA;NA;NA;NA;NA;NA;NA;NA;NA;NA;NA;NA;NA;NA;NA;NA;NA;NA;NA;NA;NA;NA;NA;NA;NA;NA;NA;NA;NA;NA;NA;NA;NA;NA;NA;NA;NA;NA;NA;NA;NA;NA;NA;NA;NA;NA;NA;NA;NA;NA
"CH133BEAa";612505;168441;"NAWA TREND";"Aare";1.15631516702309;15.7872128408615;-2.18322927397896;1;0.2621358;147.047180124148;0.0061785857238365;0.864716053481232;1;0;1;1;1;0;0;1;1;0;0;0;0;0;0;0;0;0;1;0;0;0;0;0;0;0;0;1;0;0;0;1;1;1;0;0;1;1;0;0;0;1;0;0;0;0;0;0;1;1;0;1;1;0;NA;NA;NA;NA;NA;NA;NA;NA;NA;NA;NA;NA;NA;NA;NA;NA;NA;NA;NA;NA;NA;NA;NA;NA;NA;NA;NA;NA;NA;NA;NA;NA;NA;NA;NA;NA;NA;NA;NA;NA;NA;NA;NA;NA;NA;NA;NA;NA;NA;NA;NA;NA;NA;NA;NA;NA;NA;NA;NA;NA;NA;NA;NA;NA;NA;NA
"CH033AGAa";649071;246917;"NAWA TREND";"Aare";0.687166672631018;20.6632316911862;-0.770752463318712;2;0.598089;491.327290002894;0.0428541046142284;4.54722858959673;1;0;1;1;0;0;0;1;0;0;0;0;0;0;0;0;0;0;0;0;0;0;0;0;0;0;0;0;0;0;0;0;1;1;0;0;0;0;0;0;0;1;0;0;0;0;0;0;1;0;0;0;0;0;NA;NA;NA;NA;NA;NA;NA;NA;NA;NA;NA;NA;NA;NA;NA;NA;NA;NA;NA;NA;NA;NA;NA;NA;NA;NA;NA;NA;NA;NA;NA;NA;NA;NA;NA;NA;NA;NA;NA;NA;NA;NA;NA;NA;NA;NA;NA;NA;NA;NA;NA;NA;NA;NA;NA;NA;NA;NA;NA;NA;NA;NA;NA;NA;NA;NA
"CH092BEAa";616905;170230;"NAWA TREND";"Aare";1.16773459057454;14.0509644286485;-2.08524095874507;1;0.3809526;194.51800169727;0.00546726021814042;0.79287371989234;1;0;1;1;1;0;0;1;1;0;0;1;0;0;0;0;1;0;1;1;0;0;0;0;0;0;0;1;0;0;0;1;1;1;0;0;1;1;0;0;0;1;0;0;0;0;0;0;0;1;0;1;1;0;NA;NA;NA;NA;NA;NA;NA;NA;NA;NA;NA;NA;NA;NA;NA;NA;NA;NA;NA;NA;NA;NA;NA;NA;NA;NA;NA;NA;NA;NA;NA;NA;NA;NA;NA;NA;NA;NA;NA;NA;NA;NA;NA;NA;NA;NA;NA;NA;NA;NA;NA;NA;NA;NA;NA;NA;NA;NA;NA;NA;NA;NA;NA;NA;NA;NA
"CH054FRAa";572353;167639;"NAWA TREND";"Aare";0.658761224169641;17.8036761006114;-1.12843089010061;1;0.455238;423.754813648483;0.0211043079425346;2.18348741613387;1;1;1;1;1;0;0;1;0;0;1;0;0;0;0;0;0;0;1;0;0;0;0;0;0;1;0;0;0;0;0;1;1;1;0;0;1;1;0;1;0;1;0;0;0;0;0;0;0;0;0;1;1;0;NA;NA;NA;NA;NA;NA;NA;NA;NA;NA;NA;NA;NA;NA;NA;NA;NA;NA;NA;NA;NA;NA;NA;NA;NA;NA;NA;NA;NA;NA;NA;NA;NA;NA;NA;NA;NA;NA;NA;NA;NA;NA;NA;NA;NA;NA;NA;NA;NA;NA;NA;NA;NA;NA;NA;NA;NA;NA;NA;NA;NA;NA;NA;NA;NA;NA
"CH035AGAa";662285;268508;"NAWA TREND";"Aare";0.617034717880771;20.6666973087832;-0.753577954235053;2;0.5038464;273.063613929005;0.0446420486708688;4.55759215714407;1;1;1;1;0;0;0;1;0;0;0;0;0;0;0;0;0;0;0;0;0;0;0;0;0;0;0;0;0;0;0;0;1;1;0;0;0;0;0;1;0;1;0;0;0;0;0;0;1;0;0;0;0;0;NA;NA;NA;NA;NA;NA;NA;NA;NA;NA;NA;NA;NA;NA;NA;NA;NA;NA;NA;NA;NA;NA;NA;NA;NA;NA;NA;NA;NA;NA;NA;NA;NA;NA;NA;NA;NA;NA;NA;NA;NA;NA;NA;NA;NA;NA;NA;NA;NA;NA;NA;NA;NA;NA;NA;NA;NA;NA;NA;NA;NA;NA;NA;NA;NA;NA
"CH022VDAa";566183;191947;"NAWA TREND";"Aare";0.393929245277976;21.5474635513776;-0.970232706826604;2;0.5827476;380.894385928059;0.0442388721410875;4.1446803803021;1;0;1;1;0;0;1;1;0;1;0;0;0;1;1;0;0;0;1;0;0;0;0;1;0;0;0;0;0;0;0;0;0;1;0;0;0;0;1;0;0;1;0;0;0;0;1;0;1;0;0;1;0;0;NA;NA;NA;NA;NA;NA;NA;NA;NA;NA;NA;NA;NA;NA;NA;NA;NA;NA;NA;NA;NA;NA;NA;NA;NA;NA;NA;NA;NA;NA;NA;NA;NA;NA;NA;NA;NA;NA;NA;NA;NA;NA;NA;NA;NA;NA;NA;NA;NA;NA;NA;NA;NA;NA;NA;NA;NA;NA;NA;NA;NA;NA;NA;NA;NA;NA
"CH058BEAa";613807;188906;"NAWA TREND";"Aare";0.867960985761533;16.9814418467098;-1.09952748290235;2;0.5961288;463.726982317591;0.0357356953043729;3.64002691536349;1;0;1;1;1;0;0;1;0;0;0;0;0;0;0;0;0;0;1;0;0;0;0;0;0;0;0;0;0;0;0;0;1;1;0;0;0;0;0;0;0;1;0;0;0;0;0;0;1;0;0;0;0;0;NA;NA;NA;NA;NA;NA;NA;NA;NA;NA;NA;NA;NA;NA;NA;NA;NA;NA;NA;NA;NA;NA;NA;NA;NA;NA;NA;NA;NA;NA;NA;NA;NA;NA;NA;NA;NA;NA;NA;NA;NA;NA;NA;NA;NA;NA;NA;NA;NA;NA;NA;NA;NA;NA;NA;NA;NA;NA;NA;NA;NA;NA;NA;NA;NA;NA
"CH111AGAa";637194;238503;"NAWA TREND";"Aare";0.852014511873733;21.6861425227715;-0.998367376091226;2;0.5941938;427.413990151757;0.0407954243284096;4.07917939397387;1;0;1;1;0;0;0;1;0;0;0;0;0;0;0;0;0;0;0;0;0;0;0;0;0;0;0;0;0;0;0;0;1;1;0;0;0;0;0;0;0;1;0;0;0;0;0;0;1;0;0;0;0;0;NA;NA;NA;NA;NA;NA;NA;NA;NA;NA;NA;NA;NA;NA;NA;NA;NA;NA;NA;NA;NA;NA;NA;NA;NA;NA;NA;NA;NA;NA;NA;NA;NA;NA;NA;NA;NA;NA;NA;NA;NA;NA;NA;NA;NA;NA;NA;NA;NA;NA;NA;NA;NA;NA;NA;NA;NA;NA;NA;NA;NA;NA;NA;NA;NA;NA
"CH094BEAa";584763;220291;"NAWA TREND";"Aare";0.444851653232305;18.8774803332335;-1.4388329165481;1;0.401286;321.183008482343;0.0132172856580857;1.50826931061726;1;1;1;1;0;0;1;1;0;1;0;0;0;1;0;0;0;0;1;0;0;1;0;0;0;0;1;1;0;1;0;1;0;1;0;0;1;1;0;1;0;1;1;0;1;0;0;0;0;0;1;1;1;0;NA;NA;NA;NA;NA;NA;NA;NA;NA;NA;NA;NA;NA;NA;NA;NA;NA;NA;NA;NA;NA;NA;NA;NA;NA;NA;NA;NA;NA;NA;NA;NA;NA;NA;NA;NA;NA;NA;NA;NA;NA;NA;NA;NA;NA;NA;NA;NA;NA;NA;NA;NA;NA;NA;NA;NA;NA;NA;NA;NA;NA;NA;NA;NA;NA;NA
"CH126VDAa";545390;180900;"NAWA TREND";"Aare";0.482264413646152;20.07679556836;-0.726249099170019;2;0.6;546.691027078642;0.0488861521176661;4.24099802802775;1;0;1;1;0;0;1;1;0;1;0;0;0;1;0;0;0;0;1;0;0;0;0;0;0;0;0;0;0;0;0;0;0;1;0;0;0;0;1;0;0;1;0;0;0;0;0;0;1;0;0;1;0;0;NA;NA;NA;NA;NA;NA;NA;NA;NA;NA;NA;NA;NA;NA;NA;NA;NA;NA;NA;NA;NA;NA;NA;NA;NA;NA;NA;NA;NA;NA;NA;NA;NA;NA;NA;NA;NA;NA;NA;NA;NA;NA;NA;NA;NA;NA;NA;NA;NA;NA;NA;NA;NA;NA;NA;NA;NA;NA;NA;NA;NA;NA;NA;NA;NA;NA
"CH039AGAa";648700;247570;"NAWA TREND";"Aare";0.704360156609512;21.8358948843056;-0.769628459343638;2;0.5943036;445.156471274323;0.0431357589674417;4.54189108200324;1;0;1;1;0;0;0;1;0;0;0;0;0;0;0;0;0;0;0;0;0;0;0;0;0;0;0;0;0;0;0;0;1;1;0;0;0;0;0;0;0;1;0;0;0;0;0;0;1;0;0;0;0;0;NA;NA;NA;NA;NA;NA;NA;NA;NA;NA;NA;NA;NA;NA;NA;NA;NA;NA;NA;NA;NA;NA;NA;NA;NA;NA;NA;NA;NA;NA;NA;NA;NA;NA;NA;NA;NA;NA;NA;NA;NA;NA;NA;NA;NA;NA;NA;NA;NA;NA;NA;NA;NA;NA;NA;NA;NA;NA;NA;NA;NA;NA;NA;NA;NA;NA
"CH079AGAa";655159;251068;"NAWA TREND";"Aare";0.896306411696954;21.489267751442;-0.599588075691437;2;0.6;599.864193830761;0.0438233403848742;4.39448073547559;1;0;1;1;0;0;0;1;0;0;0;0;0;0;0;0;0;0;0;0;0;0;0;0;0;0;0;0;0;0;0;0;1;1;0;0;0;0;0;0;0;1;0;0;0;0;0;0;1;0;0;0;0;0;NA;NA;NA;NA;NA;NA;NA;NA;NA;NA;NA;NA;NA;NA;NA;NA;NA;NA;NA;NA;NA;NA;NA;NA;NA;NA;NA;NA;NA;NA;NA;NA;NA;NA;NA;NA;NA;NA;NA;NA;NA;NA;NA;NA;NA;NA;NA;NA;NA;NA;NA;NA;NA;NA;NA;NA;NA;NA;NA;NA;NA;NA;NA;NA;NA;NA
"CH119NEAa";559534;207117;"NAWA TREND";"Aare";1.2187475564524;18.1576883681303;-1.18831600239639;1;0.3826926;326.343569795546;0.0289528866224391;2.84112303541153;1;1;1;1;1;0;0;1;0;0;1;0;0;0;0;0;0;0;1;0;0;0;0;0;0;1;0;0;0;0;0;1;1;1;0;0;1;1;0;1;0;1;0;0;0;0;0;0;0;0;0;1;1;0;NA;NA;NA;NA;NA;NA;NA;NA;NA;NA;NA;NA;NA;NA;NA;NA;NA;NA;NA;NA;NA;NA;NA;NA;NA;NA;NA;NA;NA;NA;NA;NA;NA;NA;NA;NA;NA;NA;NA;NA;NA;NA;NA;NA;NA;NA;NA;NA;NA;NA;NA;NA;NA;NA;NA;NA;NA;NA;NA;NA;NA;NA;NA;NA;NA;NA
"536195Aa";536000;195388;"BDM";"Aare";0.0402435903535758;11.6673275876458;-0.523292925968859;1;0.6;526.723443963929;0.014373208134232;1.44431640025928;1;0;0;0;0;0;1;0;0;0;0;0;0;0;0;0;0;0;1;0;0;0;1;0;0;0;0;1;1;0;1;0;0;0;0;1;1;0;0;0;0;0;0;0;0;0;1;1;0;0;1;0;0;0;NA;NA;NA;NA;NA;NA;NA;NA;NA;NA;NA;NA;NA;NA;NA;NA;NA;NA;NA;NA;NA;NA;NA;NA;NA;NA;NA;NA;NA;NA;NA;NA;NA;NA;NA;NA;NA;NA;NA;NA;NA;NA;NA;NA;NA;NA;NA;NA;NA;NA;NA;NA;NA;NA;NA;NA;NA;NA;NA;NA;NA;NA;NA;NA;NA;NA
"572179Aa";572000;179156;"BDM";"Aare";0.611075971661563;18.7634125657828;-1.23970158817606;2;0.361905;273.77949910566;0.0455431205908524;4.3701744662808;1;1;1;1;0;0;0;1;0;0;0;0;0;0;0;0;0;0;1;0;0;0;0;0;0;0;0;0;0;0;0;0;1;1;0;0;1;0;0;1;0;1;0;0;0;0;0;0;1;0;0;0;0;0;NA;NA;NA;NA;NA;NA;NA;NA;NA;NA;NA;NA;NA;NA;NA;NA;NA;NA;NA;NA;NA;NA;NA;NA;NA;NA;NA;NA;NA;NA;NA;NA;NA;NA;NA;NA;NA;NA;NA;NA;NA;NA;NA;NA;NA;NA;NA;NA;NA;NA;NA;NA;NA;NA;NA;NA;NA;NA;NA;NA;NA;NA;NA;NA;NA;NA
"578171Aa";578000;171052;"BDM";"Aare";0.444738326454023;10.6188118627027;-4;1;0.5864514;556.754677341728;0.00387280616364353;0.609510682849604;1;0;1;1;1;0;1;1;1;1;0;1;0;1;1;0;1;1;1;1;1;1;1;1;0;0;1;1;0;1;1;1;0;1;0;0;1;1;0;0;0;0;0;0;0;0;0;1;1;1;1;1;1;1;NA;NA;NA;NA;NA;NA;NA;NA;NA;NA;NA;NA;NA;NA;NA;NA;NA;NA;NA;NA;NA;NA;NA;NA;NA;NA;NA;NA;NA;NA;NA;NA;NA;NA;NA;NA;NA;NA;NA;NA;NA;NA;NA;NA;NA;NA;NA;NA;NA;NA;NA;NA;NA;NA;NA;NA;NA;NA;NA;NA;NA;NA;NA;NA;NA;NA
"548219Do";549042;219095;"Other programs";"Doux";0.608843936427478;17.0230099168824;-1.49027941098466;1;0.3819936;151.041825653093;0.0100526295524717;1.36651046200069;1;0;1;1;NA;0;0;1;NA;0;NA;NA;0;0;0;0;NA;NA;1;NA;0;0;0;NA;0;NA;NA;NA;0;0;NA;NA;NA;1;NA;0;NA;NA;0;0;NA;1;0;0;NA;NA;0;NA;NA;NA;0;NA;NA;0;0;0;1;0;0;0;0;0;0;0;0;0;0;1;1;0;0;0;0;0;0;1;0;NA;NA;NA;NA;NA;NA;NA;NA;NA;NA;NA;NA;NA;NA;NA;NA;NA;NA;NA;NA;NA;NA;NA;NA;NA;NA;NA;NA;NA;NA;NA;NA;NA;NA;NA;NA;NA;NA;NA;NA;NA;NA;NA
"JUCY01Do";580310;257456;"Other programs";"Doux";0.134342374928312;15.267974677;-4;1;0.6;519.000048966237;0.00347168812444113;0.566580582632538;1;0;1;1;NA;0;1;1;NA;1;NA;NA;0;1;0;0;NA;NA;1;NA;1;1;0;NA;0;NA;NA;NA;0;0;NA;NA;NA;1;NA;0;NA;NA;1;0;NA;1;0;0;NA;NA;0;NA;NA;NA;1;NA;NA;1;0;1;1;1;0;0;1;0;0;1;0;1;0;1;0;1;0;0;0;0;0;1;0;NA;NA;NA;NA;NA;NA;NA;NA;NA;NA;NA;NA;NA;NA;NA;NA;NA;NA;NA;NA;NA;NA;NA;NA;NA;NA;NA;NA;NA;NA;NA;NA;NA;NA;NA;NA;NA;NA;NA;NA;NA;NA;NA
"JUCY02Do";578763;257849;"Other programs";"Doux";0.179444172395299;17.1436036684604;-1.80274452318904;1;0.6;505.310142216084;0.00978216604107518;1.06048668252395;1;0;1;1;NA;0;1;1;NA;1;NA;NA;0;1;0;0;NA;NA;1;NA;0;1;0;NA;0;NA;NA;NA;0;0;NA;NA;NA;1;NA;0;NA;NA;0;0;NA;1;0;0;NA;NA;1;NA;NA;NA;1;NA;NA;1;0;1;1;0;0;0;1;0;0;0;0;0;0;1;1;0;1;0;0;0;0;0;0;NA;NA;NA;NA;NA;NA;NA;NA;NA;NA;NA;NA;NA;NA;NA;NA;NA;NA;NA;NA;NA;NA;NA;NA;NA;NA;NA;NA;NA;NA;NA;NA;NA;NA;NA;NA;NA;NA;NA;NA;NA;NA;NA
"JUVA01Do";562870;236452;"Other programs";"Doux";0.685413873855164;15.8647226803059;-1.81602892041191;1;0.6;542.175438257276;0.0149677839732459;1.58596180726919;1;0;1;1;NA;0;0;1;NA;0;NA;NA;0;0;0;0;NA;NA;1;NA;0;0;0;NA;0;NA;NA;NA;0;0;NA;NA;NA;1;NA;0;NA;NA;0;0;NA;1;0;0;NA;NA;0;NA;NA;NA;0;NA;NA;0;0;0;1;0;0;0;0;0;0;0;0;0;0;1;1;0;0;0;0;0;1;1;0;NA;NA;NA;NA;NA;NA;NA;NA;NA;NA;NA;NA;NA;NA;NA;NA;NA;NA;NA;NA;NA;NA;NA;NA;NA;NA;NA;NA;NA;NA;NA;NA;NA;NA;NA;NA;NA;NA;NA;NA;NA;NA;NA
"JUDO157Do";579901;245148;"Other programs";"Doux";0.255483612023039;19.1256600898845;-1.48414816367025;1;0.1123812;32.5611353357505;0.0132696167947472;1.74154076053083;1;1;1;1;NA;0;1;1;NA;1;NA;NA;0;1;0;0;NA;NA;1;NA;0;1;0;NA;0;NA;NA;NA;0;1;NA;NA;NA;1;NA;0;NA;NA;0;1;NA;1;1;0;NA;NA;1;NA;NA;NA;1;NA;NA;1;0;1;1;0;0;0;1;0;0;0;0;0;1;1;1;0;1;0;0;1;0;0;0;NA;NA;NA;NA;NA;NA;NA;NA;NA;NA;NA;NA;NA;NA;NA;NA;NA;NA;NA;NA;NA;NA;NA;NA;NA;NA;NA;NA;NA;NA;NA;NA;NA;NA;NA;NA;NA;NA;NA;NA;NA;NA;NA
"JUAL011Do";584791;252798;"Other programs";"Doux";0.378604410806598;14.1683832567596;-2.09481733612515;1;0.6;462.449734983805;0.0118727577702731;1.35536601568098;1;0;1;1;NA;0;1;1;NA;1;NA;NA;0;1;1;0;NA;NA;1;NA;1;1;1;NA;0;NA;NA;NA;0;1;NA;NA;NA;1;NA;0;NA;NA;0;0;NA;1;0;0;NA;NA;0;NA;NA;NA;1;NA;NA;0;0;0;1;0;0;0;1;0;0;0;0;0;0;1;1;0;1;0;0;0;1;1;0;NA;NA;NA;NA;NA;NA;NA;NA;NA;NA;NA;NA;NA;NA;NA;NA;NA;NA;NA;NA;NA;NA;NA;NA;NA;NA;NA;NA;NA;NA;NA;NA;NA;NA;NA;NA;NA;NA;NA;NA;NA;NA;NA
"JUAL013Do";583939;252549;"Other programs";"Doux";0.241039861464116;15.3015682160644;-2.20237172089881;1;0.1456872;103.780247756183;0.00971804274386649;1.17016706270719;1;1;1;1;NA;0;1;1;NA;1;NA;NA;0;1;0;0;NA;NA;1;NA;1;1;1;NA;0;NA;NA;NA;0;1;NA;NA;NA;1;NA;0;NA;NA;0;1;NA;1;1;0;NA;NA;0;NA;NA;NA;1;NA;NA;1;0;1;1;0;0;0;1;0;0;0;0;0;1;1;1;0;1;0;0;1;1;1;0;NA;NA;NA;NA;NA;NA;NA;NA;NA;NA;NA;NA;NA;NA;NA;NA;NA;NA;NA;NA;NA;NA;NA;NA;NA;NA;NA;NA;NA;NA;NA;NA;NA;NA;NA;NA;NA;NA;NA;NA;NA;NA;NA
"JUAL04Do";577802;252894;"Other programs";"Doux";0.302833588027606;18.0680806086603;-0.849056922670038;2;0.3499998;302.978868008859;0.0344280383622059;3.02111068089236;1;1;1;1;NA;0;1;1;NA;1;NA;NA;0;1;0;0;NA;NA;1;NA;0;0;1;NA;0;NA;NA;NA;0;0;NA;NA;NA;1;NA;0;NA;NA;1;1;NA;1;1;0;NA;NA;1;NA;NA;NA;0;NA;NA;0;0;1;1;1;0;0;1;1;0;0;0;1;1;0;1;1;1;0;0;1;0;0;0;NA;NA;NA;NA;NA;NA;NA;NA;NA;NA;NA;NA;NA;NA;NA;NA;NA;NA;NA;NA;NA;NA;NA;NA;NA;NA;NA;NA;NA;NA;NA;NA;NA;NA;NA;NA;NA;NA;NA;NA;NA;NA;NA
"JUAL07Do";572873;253648;"Other programs";"Doux";0.475012323452899;20.8913515077996;-0.95323536491493;2;0.4519482;245.35107530281;0.0336340901960561;3.19812772047738;1;1;1;1;NA;0;1;1;NA;1;NA;NA;0;1;1;0;NA;NA;1;NA;0;0;0;NA;0;NA;NA;NA;0;0;NA;NA;NA;1;NA;0;NA;NA;1;1;NA;1;1;0;NA;NA;0;NA;NA;NA;0;NA;NA;0;0;1;0;1;0;0;1;1;0;0;1;1;1;0;1;0;1;0;0;1;0;0;0;NA;NA;NA;NA;NA;NA;NA;NA;NA;NA;NA;NA;NA;NA;NA;NA;NA;NA;NA;NA;NA;NA;NA;NA;NA;NA;NA;NA;NA;NA;NA;NA;NA;NA;NA;NA;NA;NA;NA;NA;NA;NA;NA
"JUVEnew2Do";578365;256805;"Other programs";"Doux";0.21323495257972;18.1261308008828;-0.930353391919775;2;0.3735486;395.926418524633;0.0466916863548559;3.92866228976239;1;1;1;1;NA;0;1;1;NA;1;NA;NA;0;1;0;0;NA;NA;1;NA;0;0;0;NA;0;NA;NA;NA;0;0;NA;NA;NA;1;NA;0;NA;NA;1;1;NA;1;1;0;NA;NA;1;NA;NA;NA;0;NA;NA;0;0;1;1;1;0;0;1;0;0;0;0;1;1;0;1;1;1;0;0;1;0;0;0;NA;NA;NA;NA;NA;NA;NA;NA;NA;NA;NA;NA;NA;NA;NA;NA;NA;NA;NA;NA;NA;NA;NA;NA;NA;NA;NA;NA;NA;NA;NA;NA;NA;NA;NA;NA;NA;NA;NA;NA;NA;NA;NA
"JUVE04Do";576345;261000;"Other programs";"Doux";0.280901067172977;19.4656959269348;-1.00332903372736;2;0.3812904;296.73239163239;0.0448417211730859;3.97388827742016;1;1;1;1;NA;0;1;1;NA;1;NA;NA;0;1;0;0;NA;NA;1;NA;0;1;0;NA;0;NA;NA;NA;0;0;NA;NA;NA;1;NA;0;NA;NA;1;1;NA;1;1;0;NA;NA;1;NA;NA;NA;0;NA;NA;0;0;1;1;1;0;0;1;0;0;0;0;1;1;0;1;1;1;0;0;1;0;0;0;NA;NA;NA;NA;NA;NA;NA;NA;NA;NA;NA;NA;NA;NA;NA;NA;NA;NA;NA;NA;NA;NA;NA;NA;NA;NA;NA;NA;NA;NA;NA;NA;NA;NA;NA;NA;NA;NA;NA;NA;NA;NA;NA
"JUMA01Do";581901;246751;"Other programs";"Doux";0.434809382006109;15.2945913166192;-4;1;0.5590908;492.72973189259;0.00536588678826276;0.7693092822208;1;0;1;1;NA;0;1;1;NA;1;NA;NA;0;1;1;0;NA;NA;1;NA;1;1;1;NA;0;NA;NA;NA;0;1;NA;NA;NA;1;NA;0;NA;NA;1;0;NA;1;0;0;NA;NA;0;NA;NA;NA;1;NA;NA;1;0;0;1;1;0;0;1;0;0;0;1;0;0;1;1;0;1;0;0;0;1;1;0;NA;NA;NA;NA;NA;NA;NA;NA;NA;NA;NA;NA;NA;NA;NA;NA;NA;NA;NA;NA;NA;NA;NA;NA;NA;NA;NA;NA;NA;NA;NA;NA;NA;NA;NA;NA;NA;NA;NA;NA;NA;NA;NA
"JUAL01Do";584942;252809;"Other programs";"Doux";0.378604410806598;14.3978181917207;-2.09481733612515;1;0.6;469.912954646136;0.0118727577702731;1.35536601568098;1;0;1;1;NA;0;1;1;NA;1;NA;NA;0;1;1;0;NA;NA;1;NA;1;1;1;NA;0;NA;NA;NA;0;1;NA;NA;NA;1;NA;0;NA;NA;0;0;NA;1;0;0;NA;NA;0;NA;NA;NA;1;NA;NA;0;0;0;1;0;0;0;1;0;0;0;0;0;0;1;1;0;1;0;0;0;1;1;0;NA;NA;NA;NA;NA;NA;NA;NA;NA;NA;NA;NA;NA;NA;NA;NA;NA;NA;NA;NA;NA;NA;NA;NA;NA;NA;NA;NA;NA;NA;NA;NA;NA;NA;NA;NA;NA;NA;NA;NA;NA;NA;NA
"JUCO022Do";573723;259755;"Other programs";"Doux";0.331063633126802;19.5191547175813;-0.941473918557713;2;0.2943036;248.313786123534;0.0400100861003161;3.48627028203514;1;1;1;1;NA;0;1;1;NA;1;NA;NA;0;1;0;0;NA;NA;1;NA;0;1;1;NA;0;NA;NA;NA;0;0;NA;NA;NA;1;NA;0;NA;NA;1;1;NA;1;1;0;NA;NA;1;NA;NA;NA;0;NA;NA;0;0;1;1;1;0;0;1;1;0;0;1;1;1;0;1;1;1;0;0;1;0;0;0;NA;NA;NA;NA;NA;NA;NA;NA;NA;NA;NA;NA;NA;NA;NA;NA;NA;NA;NA;NA;NA;NA;NA;NA;NA;NA;NA;NA;NA;NA;NA;NA;NA;NA;NA;NA;NA;NA;NA;NA;NA;NA;NA
"JUCY011Do";580383;257077;"Other programs";"Doux";0.134342374928312;15.497409611961;-4;1;0.6;454.461691526457;0.00347168812444113;0.566580582632538;1;0;1;1;NA;0;1;1;NA;1;NA;NA;0;1;0;0;NA;NA;1;NA;1;1;0;NA;0;NA;NA;NA;0;0;NA;NA;NA;1;NA;0;NA;NA;1;0;NA;1;0;0;NA;NA;1;NA;NA;NA;1;NA;NA;1;0;1;1;1;0;0;1;0;0;1;0;1;0;1;0;1;0;0;0;0;0;1;0;NA;NA;NA;NA;NA;NA;NA;NA;NA;NA;NA;NA;NA;NA;NA;NA;NA;NA;NA;NA;NA;NA;NA;NA;NA;NA;NA;NA;NA;NA;NA;NA;NA;NA;NA;NA;NA;NA;NA;NA;NA;NA;NA
"JUAL06Do";574297;251962;"Other programs";"Doux";0.386173250893943;18.7576949845883;-0.888192652564327;2;0.4625808;209.233637850873;0.0326127926999287;2.86439618813689;1;1;1;1;NA;0;1;1;NA;1;NA;NA;0;1;1;0;NA;NA;1;NA;1;0;1;NA;0;NA;NA;NA;0;0;NA;NA;NA;1;NA;0;NA;NA;1;1;NA;1;1;0;NA;NA;0;NA;NA;NA;0;NA;NA;0;0;1;0;1;0;0;1;1;0;0;1;1;1;0;1;0;1;0;0;1;0;0;0;NA;NA;NA;NA;NA;NA;NA;NA;NA;NA;NA;NA;NA;NA;NA;NA;NA;NA;NA;NA;NA;NA;NA;NA;NA;NA;NA;NA;NA;NA;NA;NA;NA;NA;NA;NA;NA;NA;NA;NA;NA;NA;NA
"JUAL08Do";571523;253886;"Other programs";"Doux";0.461313228800498;20.0647015523035;-0.961567445588998;2;0.4461036;271.515602907091;0.0331309550219727;3.15406920551651;1;1;1;1;NA;0;1;1;NA;1;NA;NA;0;1;1;0;NA;NA;1;NA;0;0;0;NA;0;NA;NA;NA;0;0;NA;NA;NA;1;NA;0;NA;NA;1;1;NA;1;1;0;NA;NA;0;NA;NA;NA;0;NA;NA;0;0;1;0;1;0;0;1;1;0;0;1;1;1;0;1;0;1;0;0;1;0;0;0;NA;NA;NA;NA;NA;NA;NA;NA;NA;NA;NA;NA;NA;NA;NA;NA;NA;NA;NA;NA;NA;NA;NA;NA;NA;NA;NA;NA;NA;NA;NA;NA;NA;NA;NA;NA;NA;NA;NA;NA;NA;NA;NA
"JUAL09Do";569911;258322;"Other programs";"Doux";0.396566409745559;20.2569676267042;-0.98831339615045;2;0.301899;171.675229107268;0.0315009873275061;3.01532363647446;1;1;1;1;NA;0;1;1;NA;1;NA;NA;0;1;1;0;NA;NA;1;NA;0;1;0;NA;0;NA;NA;NA;0;0;NA;NA;NA;1;NA;0;NA;NA;1;1;NA;1;1;0;NA;NA;1;NA;NA;NA;0;NA;NA;0;0;1;0;1;0;0;1;1;0;0;1;1;1;0;1;0;1;0;0;1;0;0;0;NA;NA;NA;NA;NA;NA;NA;NA;NA;NA;NA;NA;NA;NA;NA;NA;NA;NA;NA;NA;NA;NA;NA;NA;NA;NA;NA;NA;NA;NA;NA;NA;NA;NA;NA;NA;NA;NA;NA;NA;NA;NA;NA
"JUAL10Do";568003;259721;"Other programs";"Doux";0.499108082095171;20.4377644682105;-0.989517773027532;2;0.5884614;353.543241125895;0.0309214666744335;2.94421603514231;1;0;1;1;NA;0;0;1;NA;1;NA;NA;0;1;0;0;NA;NA;1;NA;0;0;0;NA;0;NA;NA;NA;0;0;NA;NA;NA;1;NA;0;NA;NA;1;0;NA;1;0;0;NA;NA;0;NA;NA;NA;0;NA;NA;0;0;1;1;1;0;0;1;0;0;0;1;1;0;0;1;0;1;0;0;0;0;0;0;NA;NA;NA;NA;NA;NA;NA;NA;NA;NA;NA;NA;NA;NA;NA;NA;NA;NA;NA;NA;NA;NA;NA;NA;NA;NA;NA;NA;NA;NA;NA;NA;NA;NA;NA;NA;NA;NA;NA;NA;NA;NA;NA
"JUER01Do";582511;248989;"Other programs";"Doux";0.390929196624766;13.8577884713596;-1.47752676955918;1;0.6;488.122846809173;0.00694782251890326;0.936917467988365;1;0;1;1;NA;0;1;1;NA;1;NA;NA;0;1;0;0;NA;NA;1;NA;1;1;1;NA;0;NA;NA;NA;0;1;NA;NA;NA;1;NA;0;NA;NA;0;0;NA;1;0;0;NA;NA;0;NA;NA;NA;1;NA;NA;0;0;0;0;0;0;0;1;0;0;0;0;0;0;1;1;0;1;0;0;0;1;1;0;NA;NA;NA;NA;NA;NA;NA;NA;NA;NA;NA;NA;NA;NA;NA;NA;NA;NA;NA;NA;NA;NA;NA;NA;NA;NA;NA;NA;NA;NA;NA;NA;NA;NA;NA;NA;NA;NA;NA;NA;NA;NA;NA
"CH049ZHLi";671505;255848;"NAWA TREND";"Limmat";0.358041048906757;20.0904925364126;-0.499678710753011;2;0.5044584;415.308327325208;0.0518484086629563;6.04642469633472;1;1;1;1;0;0;1;1;0;1;0;0;0;1;1;0;0;0;1;0;0;0;1;1;0;0;0;NA;0;NA;0;NA;NA;1;0;0;NA;0;1;1;NA;1;NA;0;0;NA;NA;0;1;NA;NA;NA;NA;NA;0;NA;NA;NA;NA;NA;NA;NA;NA;NA;NA;NA;NA;NA;NA;NA;NA;NA;NA;NA;NA;NA;NA;1;0;0;0;0;0;0;0;1;0;NA;NA;NA;NA;NA;NA;NA;NA;NA;NA;NA;NA;NA;NA;NA;NA;NA;NA;NA;NA;NA;NA;NA;NA;NA;NA;NA;NA;NA;NA;NA;NA;NA
"CH042ZHLi";682105;246843;"NAWA TREND";"Limmat";0.666584381202329;19.0875325696686;-1.40358652247665;1;0;14.8317484531906;0.0104847144911475;1.39757920553422;1;1;1;1;0;0;0;1;0;0;1;0;0;0;0;0;0;0;1;0;0;0;0;0;0;0;0;NA;0;NA;0;NA;NA;1;0;0;NA;1;0;1;NA;1;NA;0;0;NA;NA;0;0;NA;NA;NA;NA;NA;0;NA;NA;NA;NA;NA;NA;NA;NA;NA;NA;NA;NA;NA;NA;NA;NA;NA;NA;NA;NA;NA;NA;0;0;1;0;0;0;0;1;1;0;NA;NA;NA;NA;NA;NA;NA;NA;NA;NA;NA;NA;NA;NA;NA;NA;NA;NA;NA;NA;NA;NA;NA;NA;NA;NA;NA;NA;NA;NA;NA;NA;NA
"CH047ZHLi";672809;252051;"NAWA TREND";"Limmat";0.339361970363824;20.1062430251003;-0.787871461829515;2;0.3564936;65.7957354052635;0.0348840968531233;3.90270508517422;1;1;1;1;0;0;1;1;0;1;0;0;0;1;0;0;0;0;1;0;0;0;0;1;0;0;0;NA;0;NA;0;NA;NA;1;0;0;NA;0;1;1;NA;1;NA;0;0;NA;NA;0;1;NA;NA;NA;NA;NA;0;NA;NA;NA;NA;NA;NA;NA;NA;NA;NA;NA;NA;NA;NA;NA;NA;NA;NA;NA;NA;NA;NA;1;0;0;0;0;0;0;0;1;0;NA;NA;NA;NA;NA;NA;NA;NA;NA;NA;NA;NA;NA;NA;NA;NA;NA;NA;NA;NA;NA;NA;NA;NA;NA;NA;NA;NA;NA;NA;NA;NA;NA
"CH048ZHLi";705817;232990;"NAWA TREND";"Limmat";0.458263103619024;19.6273726059448;-0.910604734117603;1;0.3048234;113.530673102896;0.0227046786949122;2.78013497111232;1;1;1;1;0;0;1;1;0;0;1;0;0;1;0;0;0;0;1;0;0;1;0;0;0;0;1;NA;0;NA;0;NA;NA;1;0;0;NA;1;0;1;NA;1;NA;0;0;NA;NA;0;0;NA;NA;NA;NA;NA;0;NA;NA;NA;NA;NA;NA;NA;NA;NA;NA;NA;NA;NA;NA;NA;NA;NA;NA;NA;NA;NA;NA;0;0;1;0;0;0;0;0;1;0;NA;NA;NA;NA;NA;NA;NA;NA;NA;NA;NA;NA;NA;NA;NA;NA;NA;NA;NA;NA;NA;NA;NA;NA;NA;NA;NA;NA;NA;NA;NA;NA;NA
"710211Li";710620;212000;"BDM";"Limmat";0.845377087691734;7.79501442969424;-4;1;0.5592234;646.954647852138;0.00418776754626186;0.643219771942673;1;0;1;0;1;0;0;0;1;0;0;1;0;0;0;0;1;1;0;1;0;0;0;0;0;0;0;NA;0;NA;1;NA;NA;1;0;0;NA;1;0;0;NA;0;NA;0;0;NA;NA;0;1;NA;NA;NA;NA;NA;0;NA;NA;NA;NA;NA;NA;NA;NA;NA;NA;NA;NA;NA;NA;NA;NA;NA;NA;NA;NA;NA;NA;1;0;1;0;0;1;1;0;0;1;NA;NA;NA;NA;NA;NA;NA;NA;NA;NA;NA;NA;NA;NA;NA;NA;NA;NA;NA;NA;NA;NA;NA;NA;NA;NA;NA;NA;NA;NA;NA;NA;NA
"710219Li";710909;220000;"BDM";"Limmat";1.0887125470818;15.0107606012615;-2.52582571003621;1;0.1433124;61.0297242791502;0.0050025351853278;0.730421176467573;1;0;1;1;1;0;0;1;1;0;0;1;0;0;0;0;1;0;1;0;0;0;0;0;0;0;0;NA;0;NA;0;NA;NA;1;0;0;NA;1;0;0;NA;1;NA;0;0;NA;NA;0;1;NA;NA;NA;NA;NA;0;NA;NA;NA;NA;NA;NA;NA;NA;NA;NA;NA;NA;NA;NA;NA;NA;NA;NA;NA;NA;NA;NA;0;0;1;0;0;0;1;1;0;0;NA;NA;NA;NA;NA;NA;NA;NA;NA;NA;NA;NA;NA;NA;NA;NA;NA;NA;NA;NA;NA;NA;NA;NA;NA;NA;NA;NA;NA;NA;NA;NA;NA
"716227Li";716000;227132;"BDM";"Limmat";0.299107349407921;16.6899193461728;-0.708434413462949;2;0.4869012;458.525399685753;0.0264570638883516;2.60933065804723;1;1;1;1;0;0;1;1;0;1;0;0;0;1;0;0;0;0;1;0;0;0;1;1;0;0;0;NA;0;NA;0;NA;NA;1;0;0;NA;0;1;1;NA;1;NA;0;0;NA;NA;0;1;NA;NA;NA;NA;NA;0;NA;NA;NA;NA;NA;NA;NA;NA;NA;NA;NA;NA;NA;NA;NA;NA;NA;NA;NA;NA;NA;NA;1;0;0;0;0;0;0;0;1;0;NA;NA;NA;NA;NA;NA;NA;NA;NA;NA;NA;NA;NA;NA;NA;NA;NA;NA;NA;NA;NA;NA;NA;NA;NA;NA;NA;NA;NA;NA;NA;NA;NA
"722211Li";722044;212000;"BDM";"Limmat";2.16525689303884;12.9650336964363;-3.79589630369252;1;0.5657142;333.737061225115;0.0042063791983796;0.645211704522441;1;0;1;1;1;0;0;1;1;0;0;1;0;0;0;0;1;0;1;1;0;0;0;0;0;0;0;NA;0;NA;1;NA;NA;1;0;0;NA;1;0;0;NA;1;NA;0;0;NA;NA;0;1;NA;NA;NA;NA;NA;0;NA;NA;NA;NA;NA;NA;NA;NA;NA;NA;NA;NA;NA;NA;NA;NA;NA;NA;NA;NA;NA;NA;1;0;1;0;0;1;1;1;0;0;NA;NA;NA;NA;NA;NA;NA;NA;NA;NA;NA;NA;NA;NA;NA;NA;NA;NA;NA;NA;NA;NA;NA;NA;NA;NA;NA;NA;NA;NA;NA;NA;NA
"722219Li";722626;220009;"BDM";"Limmat";0.60127654348301;9.12359090577202;-0.889117155709863;1;0.5942676;292.179734394963;0.00483561001378456;0.712555826015244;1;0;1;1;1;0;0;0;1;0;0;0;0;0;0;0;1;0;1;1;0;0;0;0;0;0;0;NA;0;NA;1;NA;NA;0;0;0;NA;1;0;0;NA;0;NA;0;0;NA;NA;0;0;NA;NA;NA;NA;NA;0;NA;NA;NA;NA;NA;NA;NA;NA;NA;NA;NA;NA;NA;NA;NA;NA;NA;NA;NA;NA;NA;NA;0;0;1;0;0;0;1;0;0;1;NA;NA;NA;NA;NA;NA;NA;NA;NA;NA;NA;NA;NA;NA;NA;NA;NA;NA;NA;NA;NA;NA;NA;NA;NA;NA;NA;NA;NA;NA;NA;NA;NA
"746211Li";746534;212000;"BDM";"Limmat";0.667667744537168;8.04082575038;-4;1;0.5903844;125.802650638722;0.00407169586882464;0.63079707274258;1;0;1;0;1;0;0;0;1;0;0;1;0;0;0;0;1;1;0;1;0;0;0;0;0;0;0;NA;0;NA;1;NA;NA;1;0;0;NA;1;0;0;NA;0;NA;0;0;NA;NA;1;1;NA;NA;NA;NA;NA;0;NA;NA;NA;NA;NA;NA;NA;NA;NA;NA;NA;NA;NA;NA;NA;NA;NA;NA;NA;NA;NA;NA;1;0;1;0;0;1;1;0;0;1;NA;NA;NA;NA;NA;NA;NA;NA;NA;NA;NA;NA;NA;NA;NA;NA;NA;NA;NA;NA;NA;NA;NA;NA;NA;NA;NA;NA;NA;NA;NA;NA;NA
"728195Li";728654;196000;"BDM";"Limmat";0.723444940420068;5.99672279035642;-4;1;0.3677418;285.91642505132;0.00492178013444628;0.721778278146991;1;0;1;0;1;0;0;0;1;0;0;1;0;0;0;0;1;0;0;0;0;0;0;0;0;0;0;NA;0;NA;1;NA;NA;0;0;0;NA;1;0;0;NA;0;NA;0;0;NA;NA;0;1;NA;NA;NA;NA;NA;0;NA;NA;NA;NA;NA;NA;NA;NA;NA;NA;NA;NA;NA;NA;NA;NA;NA;NA;NA;NA;NA;NA;1;0;1;0;0;1;1;0;0;1;NA;NA;NA;NA;NA;NA;NA;NA;NA;NA;NA;NA;NA;NA;NA;NA;NA;NA;NA;NA;NA;NA;NA;NA;NA;NA;NA;NA;NA;NA;NA;NA;NA
"716219Li";715940;219035;"Other programs";"Limmat";0.517815759739486;7.15130166421733;-4;1;0.4504794;3.96967405562089;0.00434876140325163;0.660450316918027;1;0;1;1;1;0;0;0;1;1;0;1;0;0;0;0;1;1;0;1;0;0;1;0;0;0;0;NA;0;NA;1;NA;NA;0;0;0;NA;1;0;0;NA;0;NA;0;0;NA;NA;1;1;NA;NA;NA;NA;NA;0;NA;NA;NA;NA;NA;NA;NA;NA;NA;NA;NA;NA;NA;NA;NA;NA;NA;NA;NA;NA;NA;NA;1;0;1;0;0;1;1;0;0;1;NA;NA;NA;NA;NA;NA;NA;NA;NA;NA;NA;NA;NA;NA;NA;NA;NA;NA;NA;NA;NA;NA;NA;NA;NA;NA;NA;NA;NA;NA;NA;NA;NA
"704235Li";704000;235441;"BDM";"Limmat";0.325289099519778;16.2043983669565;-0.853151938649838;2;0.001911;224.499446556693;0.0281333429642146;2.66460586017244;1;1;1;1;0;0;1;1;0;1;0;0;0;1;0;0;0;0;1;0;1;1;1;1;0;0;0;NA;0;NA;0;NA;NA;1;0;0;NA;0;1;1;NA;1;NA;0;0;NA;NA;0;1;NA;NA;NA;NA;NA;0;NA;NA;NA;NA;NA;NA;NA;NA;NA;NA;NA;NA;NA;NA;NA;NA;NA;NA;NA;NA;NA;NA;1;0;0;0;0;0;0;0;1;0;NA;NA;NA;NA;NA;NA;NA;NA;NA;NA;NA;NA;NA;NA;NA;NA;NA;NA;NA;NA;NA;NA;NA;NA;NA;NA;NA;NA;NA;NA;NA;NA;NA
"710235Li";710000;235319;"BDM";"Limmat";0.548843957487687;14.738774714903;-1.9213324190292;1;0.407619;293.54119986828;0.00905747866642681;1.16436067661751;1;0;1;1;1;0;0;1;1;1;0;0;0;0;0;0;1;1;1;1;0;0;0;0;0;0;1;NA;0;NA;0;NA;NA;1;0;0;NA;1;0;0;NA;1;NA;0;0;NA;NA;0;0;NA;NA;NA;NA;NA;0;NA;NA;NA;NA;NA;NA;NA;NA;NA;NA;NA;NA;NA;NA;NA;NA;NA;NA;NA;NA;NA;NA;0;0;1;0;0;0;1;1;0;0;NA;NA;NA;NA;NA;NA;NA;NA;NA;NA;NA;NA;NA;NA;NA;NA;NA;NA;NA;NA;NA;NA;NA;NA;NA;NA;NA;NA;NA;NA;NA;NA;NA
"740203Li";740092;204000;"BDM";"Limmat";0.857489989075193;9.2326866549726;-4;1;0.2423076;140.923249420425;0.00449740827713921;0.676359412419283;1;0;1;1;1;0;0;0;1;0;0;1;0;0;0;0;1;1;1;1;0;0;0;0;0;0;0;NA;0;NA;1;NA;NA;1;0;0;NA;1;0;0;NA;0;NA;0;0;NA;NA;1;1;NA;NA;NA;NA;NA;0;NA;NA;NA;NA;NA;NA;NA;NA;NA;NA;NA;NA;NA;NA;NA;NA;NA;NA;NA;NA;NA;NA;1;0;1;0;0;1;1;0;0;1;NA;NA;NA;NA;NA;NA;NA;NA;NA;NA;NA;NA;NA;NA;NA;NA;NA;NA;NA;NA;NA;NA;NA;NA;NA;NA;NA;NA;NA;NA;NA;NA;NA
"746219Li";746645;220000;"BDM";"Limmat";0.718840108007409;9.17165823059701;-4;1;0.4457142;125.253257676144;0.00430448131421138;0.655711191587492;1;0;1;1;1;0;0;0;1;0;0;1;0;0;0;0;1;1;1;1;0;0;0;0;0;0;0;NA;0;NA;1;NA;NA;1;0;0;NA;1;0;0;NA;0;NA;0;0;NA;NA;1;1;NA;NA;NA;NA;NA;0;NA;NA;NA;NA;NA;NA;NA;NA;NA;NA;NA;NA;NA;NA;NA;NA;NA;NA;NA;NA;NA;NA;1;0;1;0;0;1;1;0;0;1;NA;NA;NA;NA;NA;NA;NA;NA;NA;NA;NA;NA;NA;NA;NA;NA;NA;NA;NA;NA;NA;NA;NA;NA;NA;NA;NA;NA;NA;NA;NA;NA;NA
"728219Li";728000;219416;"BDM";"Limmat";2.81938113074795;13.3265348652947;-1.91042946563325;1;0.6;430.89225182488;0.00526173171059566;0.758148147596719;1;0;1;1;1;0;0;1;1;0;0;0;0;0;0;0;1;0;1;1;0;0;0;0;0;0;0;NA;0;NA;0;NA;NA;1;0;0;NA;1;0;0;NA;1;NA;0;0;NA;NA;0;0;NA;NA;NA;NA;NA;0;NA;NA;NA;NA;NA;NA;NA;NA;NA;NA;NA;NA;NA;NA;NA;NA;NA;NA;NA;NA;NA;NA;0;0;1;0;0;0;1;1;0;0;NA;NA;NA;NA;NA;NA;NA;NA;NA;NA;NA;NA;NA;NA;NA;NA;NA;NA;NA;NA;NA;NA;NA;NA;NA;NA;NA;NA;NA;NA;NA;NA;NA
"680243Li";681000;243869;"Other programs";"Limmat";0.449064505608353;13.0283741144892;-4;1;0.557556;454.362837291459;0.00439312653625542;0.665198544172487;1;0;1;1;1;0;1;1;1;1;0;1;0;1;1;0;1;1;1;1;1;1;1;1;0;0;1;NA;0;NA;1;NA;NA;1;0;0;NA;1;1;0;NA;1;NA;0;1;NA;NA;1;1;NA;NA;NA;NA;NA;0;NA;NA;NA;NA;NA;NA;NA;NA;NA;NA;NA;NA;NA;NA;NA;NA;NA;NA;NA;NA;NA;NA;1;0;0;0;0;0;1;1;0;1;NA;NA;NA;NA;NA;NA;NA;NA;NA;NA;NA;NA;NA;NA;NA;NA;NA;NA;NA;NA;NA;NA;NA;NA;NA;NA;NA;NA;NA;NA;NA;NA;NA
"674243Li";674435;244000;"BDM";"Limmat";0.471410284515523;13.9654454929291;-1.18906157488955;1;0.6;617.376410439207;0.025447986834811;2.25431735642572;1;0;1;1;1;0;1;1;0;1;0;0;0;1;0;0;1;1;1;1;0;1;1;0;0;0;1;NA;0;NA;1;NA;NA;1;0;0;NA;1;0;0;NA;1;NA;0;1;NA;NA;1;0;NA;NA;NA;NA;NA;0;NA;NA;NA;NA;NA;NA;NA;NA;NA;NA;NA;NA;NA;NA;NA;NA;NA;NA;NA;NA;NA;NA;0;0;1;0;0;0;1;1;0;0;NA;NA;NA;NA;NA;NA;NA;NA;NA;NA;NA;NA;NA;NA;NA;NA;NA;NA;NA;NA;NA;NA;NA;NA;NA;NA;NA;NA;NA;NA;NA;NA;NA
"692227Li";692019;228000;"BDM";"Limmat";0.343724037756864;13.4844192841855;-1.14520054382254;2;0.5159238;410.502787820637;0.0258907108988385;2.77690998772658;1;1;1;1;0;0;1;1;0;1;0;0;0;1;1;0;1;0;1;0;1;1;1;1;0;0;0;NA;0;NA;0;NA;NA;1;0;0;NA;0;1;1;NA;1;NA;0;0;NA;NA;0;1;NA;NA;NA;NA;NA;0;NA;NA;NA;NA;NA;NA;NA;NA;NA;NA;NA;NA;NA;NA;NA;NA;NA;NA;NA;NA;NA;NA;1;0;0;0;0;0;0;0;1;0;NA;NA;NA;NA;NA;NA;NA;NA;NA;NA;NA;NA;NA;NA;NA;NA;NA;NA;NA;NA;NA;NA;NA;NA;NA;NA;NA;NA;NA;NA;NA;NA;NA
"CH074NWRe";672138;201829;"NAWA TREND";"Reuss";0.90533717774572;14.9034860277795;-2.03103506182739;1;0.3573246;176.900725580105;0.00598634645442307;0.842799942410455;1;0;1;1;1;0;0;1;1;0;0;0;0;0;0;0;0;0;1;0;0;0;0;0;0;0;0;1;0;NA;0;1;1;1;0;0;1;1;0;NA;0;NA;0;0;0;0;NA;0;0;1;NA;1;NA;0;0;NA;1;NA;NA;NA;NA;NA;NA;NA;NA;NA;NA;NA;NA;NA;NA;NA;NA;NA;NA;NA;NA;0;0;NA;0;0;0;NA;NA;0;NA;0;0;0;NA;NA;NA;NA;NA;NA;NA;NA;NA;NA;NA;NA;NA;NA;NA;NA;NA;NA;NA;NA;NA;NA;NA;NA;NA;NA;NA;NA;NA;NA
"CH076ZGRe";680595;226069;"NAWA TREND";"Reuss";0.419103559208466;17.9294221846595;-1.05300930423849;1;0.4961538;187.06354270087;0.0146294326271828;1.60866057096009;1;0;1;1;0;0;1;1;0;1;0;0;0;1;0;0;0;0;1;0;0;1;1;0;0;0;1;1;0;NA;0;0;0;1;0;0;1;1;0;NA;0;NA;0;0;1;0;NA;0;0;1;NA;1;NA;0;0;NA;0;NA;NA;NA;NA;NA;NA;NA;NA;NA;NA;NA;NA;NA;NA;NA;NA;NA;NA;NA;NA;0;0;NA;0;0;0;NA;NA;0;NA;0;0;0;NA;NA;NA;NA;NA;NA;NA;NA;NA;NA;NA;NA;NA;NA;NA;NA;NA;NA;NA;NA;NA;NA;NA;NA;NA;NA;NA;NA;NA;NA
"CH012OWRe";662647;195819;"NAWA TREND";"Reuss";0.727437968303375;17.4352771011311;-1.67681936031549;1;0.3752382;260.132297923116;0.00717323483056348;0.959144259704582;1;0;1;1;1;0;0;1;0;0;0;0;0;0;0;0;0;0;1;0;0;0;0;0;0;0;0;1;0;NA;0;1;1;1;0;0;1;1;0;NA;0;NA;0;0;0;0;NA;0;0;1;NA;1;NA;0;0;NA;1;NA;NA;NA;NA;NA;NA;NA;NA;NA;NA;NA;NA;NA;NA;NA;NA;NA;NA;NA;NA;0;0;NA;0;0;0;NA;NA;0;NA;0;0;0;NA;NA;NA;NA;NA;NA;NA;NA;NA;NA;NA;NA;NA;NA;NA;NA;NA;NA;NA;NA;NA;NA;NA;NA;NA;NA;NA;NA;NA;NA
"650203Re";650683;204000;"BDM";"Reuss";0.307032018001362;9.29550533466515;-4;1;0.2057142;210.883996800643;0.0141591672787223;1.71041981776997;1;1;1;1;1;0;1;1;1;1;1;1;0;1;0;0;1;1;1;1;1;1;1;0;0;0;1;1;0;NA;1;0;0;1;0;0;1;1;1;NA;0;NA;1;0;0;0;NA;1;1;1;NA;1;NA;1;0;NA;1;NA;NA;NA;NA;NA;NA;NA;NA;NA;NA;NA;NA;NA;NA;NA;NA;NA;NA;NA;NA;1;0;NA;0;0;1;NA;NA;1;NA;0;1;0;NA;NA;NA;NA;NA;NA;NA;NA;NA;NA;NA;NA;NA;NA;NA;NA;NA;NA;NA;NA;NA;NA;NA;NA;NA;NA;NA;NA;NA;NA
"680195Re";681000;195462;"Other programs";"Reuss";0.487217944568987;6.19765968930256;-4;1;0.2797428;224.572310222128;0.00730675982803712;0.977033358335144;1;0;1;1;1;0;0;0;1;1;0;1;0;0;0;0;1;1;0;1;0;0;1;0;0;0;1;1;0;NA;1;1;1;0;0;0;1;1;0;NA;0;NA;0;0;0;0;NA;1;1;1;NA;1;NA;1;0;NA;0;NA;NA;NA;NA;NA;NA;NA;NA;NA;NA;NA;NA;NA;NA;NA;NA;NA;NA;NA;NA;1;0;NA;0;0;1;NA;NA;0;NA;0;1;0;NA;NA;NA;NA;NA;NA;NA;NA;NA;NA;NA;NA;NA;NA;NA;NA;NA;NA;NA;NA;NA;NA;NA;NA;NA;NA;NA;NA;NA;NA
"680211Re";680000;211492;"BDM";"Reuss";0.553257989522008;5.16425863529287;-4;1;0.5468352;9.25746077248067;0.0045343786204011;0.680316204151832;1;0;1;0;1;0;0;0;1;0;0;1;0;0;0;0;1;0;0;0;0;0;0;0;0;0;0;1;0;NA;1;1;1;0;0;0;1;1;0;NA;0;NA;0;0;0;0;NA;0;1;0;NA;0;NA;1;0;NA;0;NA;NA;NA;NA;NA;NA;NA;NA;NA;NA;NA;NA;NA;NA;NA;NA;NA;NA;NA;NA;1;0;NA;0;0;1;NA;NA;0;NA;0;0;0;NA;NA;NA;NA;NA;NA;NA;NA;NA;NA;NA;NA;NA;NA;NA;NA;NA;NA;NA;NA;NA;NA;NA;NA;NA;NA;NA;NA;NA;NA
"650195Re";651000;195728;"Other programs";"Reuss";0.454611841818825;8.66793886971827;-4;1;0.4898736;0;0.0041093935455399;0.634831708139567;1;0;1;0;1;0;0;0;1;1;0;1;0;0;0;0;1;1;1;1;0;0;0;0;0;0;0;1;0;NA;1;1;0;0;0;0;0;1;0;NA;0;NA;0;0;0;0;NA;1;1;1;NA;1;NA;0;0;NA;0;NA;NA;NA;NA;NA;NA;NA;NA;NA;NA;NA;NA;NA;NA;NA;NA;NA;NA;NA;NA;1;0;NA;0;0;0;NA;NA;0;NA;0;1;0;NA;NA;NA;NA;NA;NA;NA;NA;NA;NA;NA;NA;NA;NA;NA;NA;NA;NA;NA;NA;NA;NA;NA;NA;NA;NA;NA;NA;NA;NA
"650211Re";650000;211488;"BDM";"Reuss";0.566112003155251;13.2718311789342;-1.32837499822193;1;0.6;626.758021330583;0.0172757957599748;1.96486388894964;1;0;1;1;1;0;0;1;1;0;0;0;0;0;0;0;1;1;1;1;0;0;0;0;0;0;1;1;0;NA;1;1;1;1;0;0;1;1;0;NA;0;NA;0;0;0;0;NA;0;0;1;NA;1;NA;0;0;NA;1;NA;NA;NA;NA;NA;NA;NA;NA;NA;NA;NA;NA;NA;NA;NA;NA;NA;NA;NA;NA;0;0;NA;0;0;0;NA;NA;0;NA;0;0;0;NA;NA;NA;NA;NA;NA;NA;NA;NA;NA;NA;NA;NA;NA;NA;NA;NA;NA;NA;NA;NA;NA;NA;NA;NA;NA;NA;NA;NA;NA
"692211Re";692000;211204;"BDM";"Reuss";0.394367195246074;10.0687565782957;-4;1;0.6;564.041887369445;0.0189846250457453;2.22686975341345;1;0;1;1;1;0;1;1;1;1;0;1;0;1;1;0;1;1;1;1;1;1;1;1;0;0;1;1;0;NA;1;1;0;1;0;0;1;1;1;NA;0;NA;0;0;0;0;NA;1;1;1;NA;1;NA;1;0;NA;0;NA;NA;NA;NA;NA;NA;NA;NA;NA;NA;NA;NA;NA;NA;NA;NA;NA;NA;NA;NA;1;0;NA;0;0;1;NA;NA;0;NA;0;1;0;NA;NA;NA;NA;NA;NA;NA;NA;NA;NA;NA;NA;NA;NA;NA;NA;NA;NA;NA;NA;NA;NA;NA;NA;NA;NA;NA;NA;NA;NA
"644187Re";644000;187035;"BDM";"Reuss";0.31472308816524;8.08958801282976;-1.45796516061775;1;0.561039;416.300057904661;0.012042316211096;1.48386149927972;1;0;1;1;1;0;1;1;1;1;0;0;0;1;0;0;1;1;1;1;1;1;1;0;0;0;1;1;0;NA;1;0;0;0;0;0;1;1;0;NA;0;NA;0;0;0;0;NA;1;0;1;NA;1;NA;0;0;NA;0;NA;NA;NA;NA;NA;NA;NA;NA;NA;NA;NA;NA;NA;NA;NA;NA;NA;NA;NA;NA;0;0;NA;0;0;0;NA;NA;0;NA;0;1;0;NA;NA;NA;NA;NA;NA;NA;NA;NA;NA;NA;NA;NA;NA;NA;NA;NA;NA;NA;NA;NA;NA;NA;NA;NA;NA;NA;NA;NA;NA
"650187Re";650000;187488;"BDM";"Reuss";0.450847306900089;8.15985961209076;-4;1;0.5866668;212.613192502078;0.0036258953749713;0.583084783572048;1;0;1;1;1;0;1;1;1;1;0;1;0;0;0;0;1;1;1;1;1;1;1;0;0;0;1;1;0;NA;1;1;1;0;0;0;1;1;0;NA;0;NA;0;0;0;0;NA;1;1;1;NA;1;NA;1;0;NA;0;NA;NA;NA;NA;NA;NA;NA;NA;NA;NA;NA;NA;NA;NA;NA;NA;NA;NA;NA;NA;1;0;NA;0;0;1;NA;NA;0;NA;0;1;0;NA;NA;NA;NA;NA;NA;NA;NA;NA;NA;NA;NA;NA;NA;NA;NA;NA;NA;NA;NA;NA;NA;NA;NA;NA;NA;NA;NA;NA;NA
"674219Re";674471;220000;"BDM";"Reuss";0.419778818920701;13.4089232060893;-1.15032919141721;2;0.6;391.43677236051;0.0239170231149761;2.71795575655036;1;0;1;1;1;0;1;1;0;1;0;0;0;1;1;0;1;0;1;0;1;1;1;1;0;0;0;1;0;NA;0;0;0;1;0;0;1;0;1;NA;0;NA;0;0;0;0;NA;0;1;0;NA;1;NA;0;0;NA;0;NA;NA;NA;NA;NA;NA;NA;NA;NA;NA;NA;NA;NA;NA;NA;NA;NA;NA;NA;NA;1;0;NA;0;0;0;NA;NA;0;NA;0;0;0;NA;NA;NA;NA;NA;NA;NA;NA;NA;NA;NA;NA;NA;NA;NA;NA;NA;NA;NA;NA;NA;NA;NA;NA;NA;NA;NA;NA;NA;NA
"656195Re";656553;195000;"BDM";"Reuss";0.406856914286086;6.32920810697499;-4;1;0.6;0.5414;0.00459374653939208;0.686670121111112;1;0;1;1;1;0;1;0;1;1;0;1;0;0;0;0;1;1;1;1;0;1;0;0;0;0;0;1;0;NA;1;1;0;0;0;0;0;1;0;NA;0;NA;0;0;0;0;NA;1;1;1;NA;1;NA;0;0;NA;0;NA;NA;NA;NA;NA;NA;NA;NA;NA;NA;NA;NA;NA;NA;NA;NA;NA;NA;NA;NA;1;0;NA;0;0;0;NA;NA;0;NA;0;1;0;NA;NA;NA;NA;NA;NA;NA;NA;NA;NA;NA;NA;NA;NA;NA;NA;NA;NA;NA;NA;NA;NA;NA;NA;NA;NA;NA;NA;NA;NA
"662195Re";662000;195654;"BDM";"Reuss";0.53693172698517;12.8931309842896;-1.75371064555518;1;0.401274;419.009891633641;0.00801644743490241;1.04107991543463;1;0;1;1;1;0;0;1;1;1;0;0;0;0;0;0;1;1;1;1;0;0;0;0;0;0;1;1;0;NA;1;1;1;1;0;0;1;1;0;NA;0;NA;0;0;0;0;NA;1;0;1;NA;1;NA;0;0;NA;1;NA;NA;NA;NA;NA;NA;NA;NA;NA;NA;NA;NA;NA;NA;NA;NA;NA;NA;NA;NA;0;0;NA;0;0;0;NA;NA;0;NA;0;0;0;NA;NA;NA;NA;NA;NA;NA;NA;NA;NA;NA;NA;NA;NA;NA;NA;NA;NA;NA;NA;NA;NA;NA;NA;NA;NA;NA;NA;NA;NA
"662219Re";663000;219551;"Other programs";"Reuss";0.318700894755741;14.5775128163867;-0.64909123485509;2;0.3949368;413.876691130909;0.052816074974424;4.76864437518836;1;1;1;1;0;0;1;1;0;1;0;0;0;1;0;0;1;0;1;0;1;0;1;1;0;0;0;0;0;NA;0;0;0;1;0;0;0;0;1;NA;0;NA;1;0;0;0;NA;0;1;0;NA;1;NA;0;0;NA;1;NA;NA;NA;NA;NA;NA;NA;NA;NA;NA;NA;NA;NA;NA;NA;NA;NA;NA;NA;NA;1;0;NA;0;0;0;NA;NA;1;NA;0;0;0;NA;NA;NA;NA;NA;NA;NA;NA;NA;NA;NA;NA;NA;NA;NA;NA;NA;NA;NA;NA;NA;NA;NA;NA;NA;NA;NA;NA;NA;NA
"674235Re";674000;235520;"BDM";"Reuss";0.560577558895021;18.8488425861163;-0.672759436764364;2;0.503226;525.535491890126;0.033148967193889;2.9422837417003;1;1;1;1;0;0;0;1;0;1;0;0;0;1;0;0;0;0;1;0;0;0;0;0;0;0;0;0;0;NA;0;0;1;1;0;0;0;0;0;NA;0;NA;0;0;0;0;NA;0;1;0;NA;1;NA;0;0;NA;1;NA;NA;NA;NA;NA;NA;NA;NA;NA;NA;NA;NA;NA;NA;NA;NA;NA;NA;NA;NA;1;0;NA;0;0;0;NA;NA;1;NA;0;0;0;NA;NA;NA;NA;NA;NA;NA;NA;NA;NA;NA;NA;NA;NA;NA;NA;NA;NA;NA;NA;NA;NA;NA;NA;NA;NA;NA;NA;NA;NA
"656203Re";656000;203289;"BDM";"Reuss";0.388495737029263;8.39508134170756;-4;1;0.5962026;113.014443698744;0.00365880780397829;0.586607272559246;1;0;1;1;1;0;1;1;1;1;0;1;0;1;0;0;1;1;1;1;1;1;1;1;0;0;1;1;0;NA;1;1;0;1;0;0;1;1;0;NA;0;NA;0;0;0;0;NA;1;1;1;NA;1;NA;1;0;NA;0;NA;NA;NA;NA;NA;NA;NA;NA;NA;NA;NA;NA;NA;NA;NA;NA;NA;NA;NA;NA;1;0;NA;0;0;1;NA;NA;0;NA;0;1;0;NA;NA;NA;NA;NA;NA;NA;NA;NA;NA;NA;NA;NA;NA;NA;NA;NA;NA;NA;NA;NA;NA;NA;NA;NA;NA;NA;NA;NA;NA
"644211Re";644873;212000;"BDM";"Reuss";0.509564204201212;12.5565987076702;-1.30891583684372;1;0.3771426;370.528061597632;0.0116155502429869;1.43391669335575;1;1;1;1;1;0;0;1;1;1;0;0;0;0;0;0;1;1;1;1;0;0;1;0;0;1;1;1;0;NA;1;1;1;1;0;0;1;1;0;NA;0;NA;1;0;0;0;NA;1;0;1;NA;1;NA;0;0;NA;0;NA;NA;NA;NA;NA;NA;NA;NA;NA;NA;NA;NA;NA;NA;NA;NA;NA;NA;NA;NA;0;0;NA;0;0;0;NA;NA;1;NA;0;0;0;NA;NA;NA;NA;NA;NA;NA;NA;NA;NA;NA;NA;NA;NA;NA;NA;NA;NA;NA;NA;NA;NA;NA;NA;NA;NA;NA;NA;NA;NA
"692219Re";692000;219534;"BDM";"Reuss";0.480158450374672;10.4537601171528;-4;1;0.6;552.008175887898;0.0181745723435885;2.14017297020757;1;0;1;1;1;0;1;1;1;1;0;1;0;0;0;0;1;1;1;1;1;1;1;0;0;0;1;1;0;NA;1;1;1;1;0;0;1;1;0;NA;0;NA;0;0;0;0;NA;1;1;1;NA;1;NA;1;0;NA;1;NA;NA;NA;NA;NA;NA;NA;NA;NA;NA;NA;NA;NA;NA;NA;NA;NA;NA;NA;NA;1;0;NA;0;0;1;NA;NA;0;NA;0;1;0;NA;NA;NA;NA;NA;NA;NA;NA;NA;NA;NA;NA;NA;NA;NA;NA;NA;NA;NA;NA;NA;NA;NA;NA;NA;NA;NA;NA;NA;NA
"686211Re";686000;211223;"BDM";"Reuss";0.678316481150525;15.1307647651499;-1.32078163442579;1;0.4070064;470.122054594779;0.0073918173248504;0.986119096339368;1;0;1;1;1;0;0;1;1;0;0;0;0;0;0;0;0;0;1;0;0;0;0;0;0;0;0;1;0;NA;0;1;1;1;0;0;1;1;0;NA;0;NA;0;0;0;0;NA;0;0;1;NA;1;NA;0;0;NA;1;NA;NA;NA;NA;NA;NA;NA;NA;NA;NA;NA;NA;NA;NA;NA;NA;NA;NA;NA;NA;0;0;NA;0;0;0;NA;NA;0;NA;0;0;0;NA;NA;NA;NA;NA;NA;NA;NA;NA;NA;NA;NA;NA;NA;NA;NA;NA;NA;NA;NA;NA;NA;NA;NA;NA;NA;NA;NA;NA;NA
"CH069JURh";599461;244150;"NAWA TREND";"RheinabBS";0.599597889398647;18.9162677514539;-1.54975098994193;1;0.5942124;452.445061421531;0.0153424352580351;1.55271586386574;1;0;1;1;0;0;0;1;0;0;NA;NA;0;0;0;0;0;0;1;0;0;0;0;0;0;NA;0;NA;0;0;0;NA;NA;1;0;0;1;NA;0;0;0;1;0;0;0;0;0;NA;0;NA;0;NA;1;NA;0;0;NA;NA;0;NA;1;NA;NA;NA;NA;NA;NA;NA;NA;NA;NA;NA;NA;NA;NA;NA;NA;0;NA;NA;NA;NA;NA;NA;NA;NA;NA;NA;NA;NA;0;0;0;0;0;0;NA;NA;NA;NA;NA;NA;NA;NA;NA;NA;NA;NA;NA;NA;NA;NA;NA;NA;NA;NA;NA;NA;NA;NA
"CH070TGRh";709510;269793;"NAWA TREND";"RheinabBS";0.545289775178031;20.3060505419049;-0.774416302438116;2;0.5286174;313.313271560862;0.0361015389785767;3.88606803130845;1;1;1;1;0;0;0;1;0;1;NA;NA;0;1;0;0;0;0;1;0;0;0;0;0;0;NA;0;NA;0;0;0;NA;NA;1;0;0;0;NA;0;1;0;1;0;0;0;0;0;NA;1;NA;0;NA;0;NA;0;1;NA;NA;0;NA;1;NA;NA;NA;NA;NA;NA;NA;NA;NA;NA;NA;NA;NA;NA;NA;NA;1;NA;NA;NA;NA;NA;NA;NA;NA;NA;NA;NA;NA;0;0;0;0;0;0;NA;NA;NA;NA;NA;NA;NA;NA;NA;NA;NA;NA;NA;NA;NA;NA;NA;NA;NA;NA;NA;NA;NA;NA
"CH071TGRh";712330;264343;"NAWA TREND";"RheinabBS";0.497744264454122;20.2828449272504;-0.659055266980271;2;0.3346152;281.441478388989;0.0381904121421469;3.46203451668765;1;1;1;1;0;0;0;1;0;1;NA;NA;0;1;0;0;0;0;1;0;0;0;0;0;0;NA;0;NA;0;0;0;NA;NA;1;0;0;0;NA;1;1;0;1;0;0;0;0;0;NA;1;NA;0;NA;0;NA;0;1;NA;NA;0;NA;1;NA;NA;NA;NA;NA;NA;NA;NA;NA;NA;NA;NA;NA;NA;NA;NA;1;NA;NA;NA;NA;NA;NA;NA;NA;NA;NA;NA;NA;0;1;0;0;0;0;NA;NA;NA;NA;NA;NA;NA;NA;NA;NA;NA;NA;NA;NA;NA;NA;NA;NA;NA;NA;NA;NA;NA;NA
"CH066ZHRh";703828;255510;"NAWA TREND";"RheinabBS";0.583540295056539;19.4850542175465;-1.47681643278829;1;0.1780644;38.8469866982645;0.0100384560163211;1.25621171071416;1;1;1;1;0;0;0;1;0;0;NA;NA;0;0;0;0;0;0;1;0;0;0;0;0;0;NA;0;NA;0;0;0;NA;NA;1;0;0;1;NA;0;1;0;1;0;0;0;0;0;NA;0;NA;0;NA;1;NA;0;0;NA;NA;0;NA;1;NA;NA;NA;NA;NA;NA;NA;NA;NA;NA;NA;NA;NA;NA;NA;NA;0;NA;NA;NA;NA;NA;NA;NA;NA;NA;NA;NA;NA;0;0;0;0;0;0;NA;NA;NA;NA;NA;NA;NA;NA;NA;NA;NA;NA;NA;NA;NA;NA;NA;NA;NA;NA;NA;NA;NA;NA
"CH073TGRh";744157;268389;"NAWA TREND";"RheinabBS";0.320604876567283;19.3079601710488;-0.332371890105761;2;0.6;606.164731675923;0.0490371880778954;5.58316231833475;1;0;1;1;0;0;1;1;0;1;NA;NA;0;1;0;0;0;0;1;0;0;0;1;1;0;NA;0;NA;0;0;0;NA;NA;1;0;0;0;NA;1;0;0;1;0;0;0;0;1;NA;1;NA;0;NA;0;NA;0;1;NA;NA;0;NA;1;NA;NA;NA;NA;NA;NA;NA;NA;NA;NA;NA;NA;NA;NA;NA;NA;1;NA;NA;NA;NA;NA;NA;NA;NA;NA;NA;NA;NA;0;1;0;0;0;0;NA;NA;NA;NA;NA;NA;NA;NA;NA;NA;NA;NA;NA;NA;NA;NA;NA;NA;NA;NA;NA;NA;NA;NA
"CH115AIRh";750019;243282;"NAWA TREND";"RheinabBS";0.691005548203269;15.5565267174132;-2.23214507441137;1;0.23121;57.7181028374736;0.00852749532710488;1.10768392049315;1;1;1;1;1;0;0;1;1;0;NA;NA;0;0;0;0;0;0;1;0;0;0;0;0;0;NA;0;NA;0;0;0;NA;NA;1;0;0;1;NA;0;1;0;1;0;0;0;0;0;NA;1;NA;0;NA;1;NA;0;0;NA;NA;0;NA;0;NA;NA;NA;NA;NA;NA;NA;NA;NA;NA;NA;NA;NA;NA;NA;NA;0;NA;NA;NA;NA;NA;NA;NA;NA;NA;NA;NA;NA;0;1;0;0;0;0;NA;NA;NA;NA;NA;NA;NA;NA;NA;NA;NA;NA;NA;NA;NA;NA;NA;NA;NA;NA;NA;NA;NA;NA
"CH027SGRh";724298;250473;"NAWA TREND";"RheinabBS";0.418519462881205;17.613944198954;-1.66072663649033;1;0.1361022;26.1205550137534;0.0123183573660903;1.54919158508594;1;1;1;1;0;0;1;1;0;1;NA;NA;0;1;0;0;0;1;1;0;1;1;1;1;0;NA;1;NA;0;1;0;NA;NA;1;0;0;1;NA;0;1;0;1;1;0;1;0;0;NA;0;NA;1;NA;1;NA;0;1;NA;NA;0;NA;1;NA;NA;NA;NA;NA;NA;NA;NA;NA;NA;NA;NA;NA;NA;NA;NA;0;NA;NA;NA;NA;NA;NA;NA;NA;NA;NA;NA;NA;0;1;0;0;0;1;NA;NA;NA;NA;NA;NA;NA;NA;NA;NA;NA;NA;NA;NA;NA;NA;NA;NA;NA;NA;NA;NA;NA;NA
"CH067BLRh";620950;264930;"NAWA TREND";"RheinabBS";0.498223749116977;21.9627797422032;-0.713921714074805;2;0.3339804;144.150984076078;0.0309820200565992;3.68896683552633;1;1;1;1;0;0;0;1;0;1;NA;NA;0;1;0;0;0;0;1;0;0;0;0;0;0;NA;0;NA;0;0;0;NA;NA;1;0;0;0;NA;1;1;0;1;0;0;0;0;0;NA;1;NA;0;NA;0;NA;0;1;NA;NA;0;NA;1;NA;NA;NA;NA;NA;NA;NA;NA;NA;NA;NA;NA;NA;NA;NA;NA;1;NA;NA;NA;NA;NA;NA;NA;NA;NA;NA;NA;NA;0;1;0;0;0;0;NA;NA;NA;NA;NA;NA;NA;NA;NA;NA;NA;NA;NA;NA;NA;NA;NA;NA;NA;NA;NA;NA;NA;NA
"CH011SORh";607744;250786;"NAWA TREND";"RheinabBS";0.428171027775759;18.6350206200476;-1.23654728686827;1;0.4528662;386.284544023016;0.00730346646512085;0.944224513855172;1;0;1;1;0;0;1;1;0;1;NA;NA;0;1;0;0;0;0;1;0;0;1;0;0;0;NA;1;NA;0;1;0;NA;NA;1;0;0;1;NA;0;0;0;1;0;0;1;0;0;NA;0;NA;1;NA;1;NA;0;1;NA;NA;0;NA;1;NA;NA;NA;NA;NA;NA;NA;NA;NA;NA;NA;NA;NA;NA;NA;NA;0;NA;NA;NA;NA;NA;NA;NA;NA;NA;NA;NA;NA;0;1;0;0;0;0;NA;NA;NA;NA;NA;NA;NA;NA;NA;NA;NA;NA;NA;NA;NA;NA;NA;NA;NA;NA;NA;NA;NA;NA
"CH044ZHRh";691163;248330;"NAWA TREND";"RheinabBS";0.39517079989558;21.4540704189143;-0.716731895554413;2;0.5123808;125.191517539979;0.0408419191371247;4.88785398461747;1;1;1;1;0;0;1;1;0;1;NA;NA;0;1;1;0;0;0;1;0;0;0;0;1;0;NA;0;NA;0;0;0;NA;NA;1;0;0;0;NA;1;1;0;1;1;0;0;0;1;NA;1;NA;0;NA;0;NA;0;1;NA;NA;0;NA;1;NA;NA;NA;NA;NA;NA;NA;NA;NA;NA;NA;NA;NA;NA;NA;NA;1;NA;NA;NA;NA;NA;NA;NA;NA;NA;NA;NA;NA;0;1;0;0;0;0;NA;NA;NA;NA;NA;NA;NA;NA;NA;NA;NA;NA;NA;NA;NA;NA;NA;NA;NA;NA;NA;NA;NA;NA
"CH036AGRh";641500;265545;"NAWA TREND";"RheinabBS";0.486568781784922;21.3324420818835;-0.833796209649343;1;0.6;561.766756566297;0.0284960036726202;2.70321446475617;1;0;1;1;0;0;0;1;0;0;NA;NA;0;1;0;0;0;0;1;0;0;0;0;0;0;NA;1;NA;0;1;0;NA;NA;1;0;0;1;NA;0;0;0;1;0;0;0;0;0;NA;0;NA;1;NA;1;NA;0;1;NA;NA;0;NA;1;NA;NA;NA;NA;NA;NA;NA;NA;NA;NA;NA;NA;NA;NA;NA;NA;0;NA;NA;NA;NA;NA;NA;NA;NA;NA;NA;NA;NA;0;1;0;0;0;0;NA;NA;NA;NA;NA;NA;NA;NA;NA;NA;NA;NA;NA;NA;NA;NA;NA;NA;NA;NA;NA;NA;NA;NA
"CH025SGRh";745537;258250;"NAWA TREND";"RheinabBS";0.698876594471789;19.1159498609824;-1.36645871681999;1;0;6.84810497417797;0.0168060161085609;2.15533224591753;1;1;1;1;0;0;0;1;0;0;NA;NA;0;0;0;0;0;0;1;0;0;0;0;0;0;NA;0;NA;0;0;0;NA;NA;1;0;0;1;NA;0;1;0;1;0;0;0;0;0;NA;0;NA;0;NA;1;NA;0;0;NA;NA;0;NA;0;NA;NA;NA;NA;NA;NA;NA;NA;NA;NA;NA;NA;NA;NA;NA;NA;0;NA;NA;NA;NA;NA;NA;NA;NA;NA;NA;NA;NA;0;0;0;0;0;0;NA;NA;NA;NA;NA;NA;NA;NA;NA;NA;NA;NA;NA;NA;NA;NA;NA;NA;NA;NA;NA;NA;NA;NA
"CH046ZHRh";694950;244939;"NAWA TREND";"RheinabBS";0.618904324577658;19.8403213126627;-0.673506616074096;2;0.6;487.495949956855;0.0332596224410538;4.16969783161758;1;0;1;1;0;0;0;1;0;0;NA;NA;0;0;0;0;0;0;0;0;0;0;0;0;0;NA;0;NA;0;0;0;NA;NA;1;0;0;0;NA;0;0;0;1;0;0;0;0;0;NA;1;NA;0;NA;0;NA;0;0;NA;NA;0;NA;0;NA;NA;NA;NA;NA;NA;NA;NA;NA;NA;NA;NA;NA;NA;NA;NA;1;NA;NA;NA;NA;NA;NA;NA;NA;NA;NA;NA;NA;0;0;0;0;0;0;NA;NA;NA;NA;NA;NA;NA;NA;NA;NA;NA;NA;NA;NA;NA;NA;NA;NA;NA;NA;NA;NA;NA;NA
"CH041ZHRh";685998;264982;"NAWA TREND";"RheinabBS";0.731325567576045;22.019414609984;-0.891540733952005;2;0.2076924;45.9601236871823;0.0331394940197894;3.82580730027338;1;1;1;1;0;0;0;1;0;0;NA;NA;0;0;0;0;0;0;0;0;0;0;0;0;0;NA;0;NA;0;0;0;NA;NA;1;0;0;0;NA;0;1;0;1;0;0;0;0;0;NA;1;NA;0;NA;0;NA;0;1;NA;NA;0;NA;0;NA;NA;NA;NA;NA;NA;NA;NA;NA;NA;NA;NA;NA;NA;NA;NA;1;NA;NA;NA;NA;NA;NA;NA;NA;NA;NA;NA;NA;0;0;0;0;0;0;NA;NA;NA;NA;NA;NA;NA;NA;NA;NA;NA;NA;NA;NA;NA;NA;NA;NA;NA;NA;NA;NA;NA;NA
"CH028SGRh";729400;256250;"NAWA TREND";"RheinabBS";0.496620029751063;19.4866865402515;-0.786895701297669;2;0.1161288;42.1152826173037;0.0300846535034622;3.90193548333296;1;1;1;1;0;0;0;1;0;1;NA;NA;0;1;0;0;0;0;1;0;0;0;0;0;0;NA;0;NA;0;0;0;NA;NA;1;0;0;0;NA;1;1;0;1;1;0;0;0;0;NA;1;NA;0;NA;0;NA;0;1;NA;NA;0;NA;1;NA;NA;NA;NA;NA;NA;NA;NA;NA;NA;NA;NA;NA;NA;NA;NA;1;NA;NA;NA;NA;NA;NA;NA;NA;NA;NA;NA;NA;0;1;0;0;0;0;NA;NA;NA;NA;NA;NA;NA;NA;NA;NA;NA;NA;NA;NA;NA;NA;NA;NA;NA;NA;NA;NA;NA;NA
"CH087JURh";597523;249370;"NAWA TREND";"RheinabBS";0.780975775308742;21.2281911631347;-1.42391640964814;1;0.2089458;70.3305289629854;0.0187729968477557;2.04918453697934;1;1;1;1;0;0;0;1;0;0;NA;NA;0;0;0;0;0;0;0;0;0;0;0;0;0;NA;0;NA;0;0;0;NA;NA;1;0;0;1;NA;0;1;0;1;0;0;0;0;0;NA;0;NA;0;NA;1;NA;0;0;NA;NA;0;NA;1;NA;NA;NA;NA;NA;NA;NA;NA;NA;NA;NA;NA;NA;NA;NA;NA;0;NA;NA;NA;NA;NA;NA;NA;NA;NA;NA;NA;NA;0;0;0;0;0;0;NA;NA;NA;NA;NA;NA;NA;NA;NA;NA;NA;NA;NA;NA;NA;NA;NA;NA;NA;NA;NA;NA;NA;NA
"CH134BERh";596389;240411;"NAWA TREND";"RheinabBS";0.635978832523074;19.351551445246;-1.49297967428973;1;0.598071;404.290397033195;0.0172554863916465;2.08339114357999;1;0;1;1;0;0;0;1;0;0;NA;NA;0;0;0;0;0;0;1;0;0;0;0;0;0;NA;0;NA;0;0;0;NA;NA;1;0;0;1;NA;0;0;0;1;0;0;0;0;0;NA;0;NA;0;NA;1;NA;0;0;NA;NA;0;NA;0;NA;NA;NA;NA;NA;NA;NA;NA;NA;NA;NA;NA;NA;NA;NA;NA;0;NA;NA;NA;NA;NA;NA;NA;NA;NA;NA;NA;NA;0;0;0;0;0;0;NA;NA;NA;NA;NA;NA;NA;NA;NA;NA;NA;NA;NA;NA;NA;NA;NA;NA;NA;NA;NA;NA;NA;NA
"CH043ZHRh";678123;269619;"NAWA TREND";"RheinabBS";0.832981926543348;22.8770815163552;-0.6240959632227;2;0.0933336;30.5781597458006;0.0475195360162139;5.63822146754361;1;1;1;1;0;0;0;1;0;0;NA;NA;0;0;0;0;0;0;0;0;0;0;0;0;0;NA;0;NA;0;0;0;NA;NA;1;0;0;0;NA;0;1;0;1;0;0;0;0;0;NA;1;NA;0;NA;0;NA;0;1;NA;NA;0;NA;0;NA;NA;NA;NA;NA;NA;NA;NA;NA;NA;NA;NA;NA;NA;NA;NA;1;NA;NA;NA;NA;NA;NA;NA;NA;NA;NA;NA;NA;0;0;0;0;0;0;NA;NA;NA;NA;NA;NA;NA;NA;NA;NA;NA;NA;NA;NA;NA;NA;NA;NA;NA;NA;NA;NA;NA;NA
"584243Rh";584000;243405;"BDM";"RheinabBS";0.355141315479631;16.9007611923339;-1.35499739767487;1;0.4733766;341.2699714482;0.0261389916661892;2.39955108525502;1;1;1;1;0;0;1;1;0;1;NA;NA;0;1;0;0;0;1;1;0;1;1;1;1;0;NA;1;NA;0;1;1;NA;NA;1;0;0;1;NA;0;1;0;1;1;0;1;0;0;NA;0;NA;1;NA;1;NA;0;1;NA;NA;0;NA;1;NA;NA;NA;NA;NA;NA;NA;NA;NA;NA;NA;NA;NA;NA;NA;NA;0;NA;NA;NA;NA;NA;NA;NA;NA;NA;NA;NA;NA;0;1;0;0;0;1;NA;NA;NA;NA;NA;NA;NA;NA;NA;NA;NA;NA;NA;NA;NA;NA;NA;NA;NA;NA;NA;NA;NA;NA
"590235Rh";590652;236000;"BDM";"RheinabBS";0.730411005470687;15.0525757203188;-2.44702428425511;1;0.6;224.092612808366;0.00695988755645864;0.886626975927102;1;0;1;1;1;0;0;1;1;0;NA;NA;0;0;0;0;1;0;1;0;0;0;0;0;0;NA;0;NA;0;0;0;NA;NA;1;0;0;1;NA;0;0;0;1;0;0;0;0;0;NA;1;NA;0;NA;1;NA;0;0;NA;NA;0;NA;0;NA;NA;NA;NA;NA;NA;NA;NA;NA;NA;NA;NA;NA;NA;NA;NA;0;NA;NA;NA;NA;NA;NA;NA;NA;NA;NA;NA;NA;0;1;0;0;0;0;NA;NA;NA;NA;NA;NA;NA;NA;NA;NA;NA;NA;NA;NA;NA;NA;NA;NA;NA;NA;NA;NA;NA;NA
"CH018VSRh";570614;104466;"NAWA TREND";"Rhone";1.4399212528855;11.9603949644162;-1.94254681925364;1;0.3114648;175.151975204015;0.00444297575884068;0.674919431998326;1;0;1;1;1;0;0;NA;1;0;0;1;0;NA;0;0;NA;NA;1;1;NA;NA;NA;NA;NA;0;NA;NA;0;NA;0;1;1;NA;NA;0;1;NA;NA;NA;NA;NA;NA;NA;NA;NA;NA;NA;NA;NA;NA;NA;NA;NA;NA;NA;NA;NA;NA;NA;NA;NA;NA;NA;NA;NA;NA;NA;NA;NA;NA;NA;NA;NA;NA;NA;NA;NA;0;NA;NA;0;0;1;NA;NA;NA;0;0;NA;NA;NA;NA;NA;NA;NA;0;1;0;0;1;1;0;0;1;0;0;1;NA;NA;NA;NA;NA;NA;NA;NA;NA;NA;NA;NA
"CH132VDRh";561082;130535;"NAWA TREND";"Rhone";0.637651236993693;14.8726562033762;-1.67187922230466;1;0.5519232;170.713816027324;0.00535808706465191;0.796912569971206;1;0;1;1;1;0;0;NA;1;0;0;0;0;NA;0;0;NA;NA;1;0;NA;NA;NA;NA;NA;0;NA;NA;0;NA;0;1;1;NA;NA;0;1;NA;NA;NA;NA;NA;NA;NA;NA;NA;NA;NA;NA;NA;NA;NA;NA;NA;NA;NA;NA;NA;NA;NA;NA;NA;NA;NA;NA;NA;NA;NA;NA;NA;NA;NA;NA;NA;NA;NA;NA;NA;0;NA;NA;0;0;1;NA;NA;NA;0;0;NA;NA;NA;NA;NA;NA;NA;0;0;0;0;1;1;0;0;1;0;0;1;NA;NA;NA;NA;NA;NA;NA;NA;NA;NA;NA;NA
"CH015VSRh";639626;128790;"NAWA TREND";"Rhone";0.792595352016017;11.7439210900092;-2.13662643492825;1;0;10.9775568026762;0.00425762276858788;0.652795013610766;1;0;1;1;1;0;0;NA;1;0;0;1;0;NA;0;0;NA;NA;1;1;NA;NA;NA;NA;NA;0;NA;NA;0;NA;0;1;1;NA;NA;0;1;NA;NA;NA;NA;NA;NA;NA;NA;NA;NA;NA;NA;NA;NA;NA;NA;NA;NA;NA;NA;NA;NA;NA;NA;NA;NA;NA;NA;NA;NA;NA;NA;NA;NA;NA;NA;NA;NA;NA;NA;NA;0;NA;NA;0;0;1;NA;NA;NA;0;0;NA;NA;NA;NA;NA;NA;NA;0;1;0;0;1;1;0;0;1;0;0;1;NA;NA;NA;NA;NA;NA;NA;NA;NA;NA;NA;NA
"572131Rh";572310;132000;"BDM";"Rhone";1.06947352579885;8.1025042190969;-2.39151632824611;1;0.5054664;131.779857736245;0.00427869012864779;0.652950861528133;1;0;1;0;1;0;0;NA;1;0;0;1;0;NA;0;0;NA;NA;0;1;NA;NA;NA;NA;NA;0;NA;NA;0;NA;1;1;1;NA;NA;0;1;NA;NA;NA;NA;NA;NA;NA;NA;NA;NA;NA;NA;NA;NA;NA;NA;NA;NA;NA;NA;NA;NA;NA;NA;NA;NA;NA;NA;NA;NA;NA;NA;NA;NA;NA;NA;NA;NA;NA;NA;NA;0;NA;NA;0;0;1;NA;NA;NA;0;1;NA;NA;NA;NA;NA;NA;NA;0;1;0;0;1;1;0;1;1;0;0;1;NA;NA;NA;NA;NA;NA;NA;NA;NA;NA;NA;NA
"554115Rh";555000;115286;"Other programs";"Rhone";0.417662500674745;6.44042585145301;-4;1;0.4903848;255.42568707749;0.00450136304242521;0.676782675532557;1;0;1;1;1;0;1;NA;1;1;0;1;0;NA;0;0;NA;NA;1;1;NA;NA;NA;NA;NA;0;NA;NA;0;NA;1;1;0;NA;NA;0;1;NA;NA;NA;NA;NA;NA;NA;NA;NA;NA;NA;NA;NA;NA;NA;NA;NA;NA;NA;NA;NA;NA;NA;NA;NA;NA;NA;NA;NA;NA;NA;NA;NA;NA;NA;NA;NA;NA;NA;NA;NA;0;NA;NA;0;1;1;NA;NA;NA;0;1;NA;NA;NA;NA;NA;NA;NA;0;1;0;0;1;1;0;1;1;0;0;1;NA;NA;NA;NA;NA;NA;NA;NA;NA;NA;NA;NA
"566131Rh";566591;131000;"BDM";"Rhone";0.85109848553058;10.4100167892016;-1.01704893179289;1;0.6;522.613925995534;0.0039834767973462;0.621355329391528;1;0;1;1;1;0;0;NA;1;0;0;0;0;NA;0;0;NA;NA;1;1;NA;NA;NA;NA;NA;0;NA;NA;0;NA;0;1;1;NA;NA;0;1;NA;NA;NA;NA;NA;NA;NA;NA;NA;NA;NA;NA;NA;NA;NA;NA;NA;NA;NA;NA;NA;NA;NA;NA;NA;NA;NA;NA;NA;NA;NA;NA;NA;NA;NA;NA;NA;NA;NA;NA;NA;0;NA;NA;0;0;1;NA;NA;NA;0;0;NA;NA;NA;NA;NA;NA;NA;0;1;0;0;1;1;0;0;1;0;0;1;NA;NA;NA;NA;NA;NA;NA;NA;NA;NA;NA;NA
"578131Rh";578513;131995;"BDM";"Rhone";0.780490445323049;9.89413332495294;-4;1;0.567516;32.8728318792399;0.00399317424663998;0.622393209589735;1;0;1;1;1;0;0;NA;1;0;0;1;0;NA;0;0;NA;NA;1;1;NA;NA;NA;NA;NA;0;NA;NA;0;NA;1;1;1;NA;NA;0;1;NA;NA;NA;NA;NA;NA;NA;NA;NA;NA;NA;NA;NA;NA;NA;NA;NA;NA;NA;NA;NA;NA;NA;NA;NA;NA;NA;NA;NA;NA;NA;NA;NA;NA;NA;NA;NA;NA;NA;NA;NA;0;NA;NA;0;1;1;NA;NA;NA;0;1;NA;NA;NA;NA;NA;NA;NA;0;1;0;0;1;1;0;1;1;0;0;1;NA;NA;NA;NA;NA;NA;NA;NA;NA;NA;NA;NA
"596107Rh";596438;108000;"BDM";"Rhone";1.46289979005514;6.18312831505306;-3.2840317354131;1;0.3297126;95.6157146158318;0.00379214223796843;0.600877537304667;1;0;1;0;1;0;0;NA;1;0;0;1;0;NA;0;0;NA;NA;0;0;NA;NA;NA;NA;NA;0;NA;NA;0;NA;1;1;1;NA;NA;0;1;NA;NA;NA;NA;NA;NA;NA;NA;NA;NA;NA;NA;NA;NA;NA;NA;NA;NA;NA;NA;NA;NA;NA;NA;NA;NA;NA;NA;NA;NA;NA;NA;NA;NA;NA;NA;NA;NA;NA;NA;NA;0;NA;NA;0;0;1;NA;NA;NA;0;0;NA;NA;NA;NA;NA;NA;NA;0;1;0;0;1;1;0;1;1;0;0;1;NA;NA;NA;NA;NA;NA;NA;NA;NA;NA;NA;NA
"572099Rh";572572;100018;"BDM";"Rhone";1.33157466997105;7.3007995788075;-2.97473346884686;1;0.5845164;12.0105097729095;0.00354254513948735;0.574164132759241;1;0;1;0;1;0;0;NA;1;0;0;1;0;NA;0;0;NA;NA;0;1;NA;NA;NA;NA;NA;0;NA;NA;0;NA;1;1;1;NA;NA;0;1;NA;NA;NA;NA;NA;NA;NA;NA;NA;NA;NA;NA;NA;NA;NA;NA;NA;NA;NA;NA;NA;NA;NA;NA;NA;NA;NA;NA;NA;NA;NA;NA;NA;NA;NA;NA;NA;NA;NA;NA;NA;0;NA;NA;0;0;1;NA;NA;NA;0;1;NA;NA;NA;NA;NA;NA;NA;0;1;0;0;1;1;0;1;1;0;0;1;NA;NA;NA;NA;NA;NA;NA;NA;NA;NA;NA;NA
"596123Rh";597000;123965;"Other programs";"Rhone";0.340019693077894;12.8759753310905;-0.658516337589481;1;0.4393548;385.610721478538;0.00992274182556313;1.15830249221979;1;0;1;1;0;0;1;NA;0;0;0;0;0;NA;0;0;NA;NA;1;1;NA;NA;NA;NA;NA;0;NA;NA;0;NA;1;0;0;NA;NA;0;1;NA;NA;NA;NA;NA;NA;NA;NA;NA;NA;NA;NA;NA;NA;NA;NA;NA;NA;NA;NA;NA;NA;NA;NA;NA;NA;NA;NA;NA;NA;NA;NA;NA;NA;NA;NA;NA;NA;NA;NA;NA;0;NA;NA;0;0;0;NA;NA;NA;0;0;NA;NA;NA;NA;NA;NA;NA;0;0;0;0;0;0;0;0;1;0;0;0;NA;NA;NA;NA;NA;NA;NA;NA;NA;NA;NA;NA
"590115Rh";590000;115013;"BDM";"Rhone";0.633203284624344;8.90511723519381;-0.763175466456036;1;0.3814698;441.588551121367;0.00484065982144837;0.713066881458319;1;0;1;1;1;0;0;NA;1;0;0;0;0;NA;0;0;NA;NA;0;1;NA;NA;NA;NA;NA;0;NA;NA;0;NA;0;1;1;NA;NA;0;1;NA;NA;NA;NA;NA;NA;NA;NA;NA;NA;NA;NA;NA;NA;NA;NA;NA;NA;NA;NA;NA;NA;NA;NA;NA;NA;NA;NA;NA;NA;NA;NA;NA;NA;NA;NA;NA;NA;NA;NA;NA;0;NA;NA;0;0;1;NA;NA;NA;0;1;NA;NA;NA;NA;NA;NA;NA;0;1;0;0;1;1;0;0;1;0;0;1;NA;NA;NA;NA;NA;NA;NA;NA;NA;NA;NA;NA
"584099Rh";584000;99020;"BDM";"Rhone";0.867679068737667;5.49388039759583;-4;1;0.6;408.675222117022;0.00369633384059745;0.590623537985785;1;0;1;0;1;0;0;NA;1;0;0;1;0;NA;0;0;NA;NA;0;0;NA;NA;NA;NA;NA;0;NA;NA;0;NA;1;1;1;NA;NA;0;1;NA;NA;NA;NA;NA;NA;NA;NA;NA;NA;NA;NA;NA;NA;NA;NA;NA;NA;NA;NA;NA;NA;NA;NA;NA;NA;NA;NA;NA;NA;NA;NA;NA;NA;NA;NA;NA;NA;NA;NA;NA;0;NA;NA;0;1;1;NA;NA;NA;0;0;NA;NA;NA;NA;NA;NA;NA;0;1;0;0;1;1;0;1;1;0;0;1;NA;NA;NA;NA;NA;NA;NA;NA;NA;NA;NA;NA
"554131Rh";554000;131513;"BDM";"Rhone";0.971774369849745;10.1997175589277;-4;1;0.5730768;526.166569984676;0.0042103925268962;0.645641235430012;1;0;1;1;1;0;0;NA;1;0;0;1;0;NA;0;0;NA;NA;1;1;NA;NA;NA;NA;NA;0;NA;NA;0;NA;1;1;1;NA;NA;0;1;NA;NA;NA;NA;NA;NA;NA;NA;NA;NA;NA;NA;NA;NA;NA;NA;NA;NA;NA;NA;NA;NA;NA;NA;NA;NA;NA;NA;NA;NA;NA;NA;NA;NA;NA;NA;NA;NA;NA;NA;NA;0;NA;NA;0;1;1;NA;NA;NA;0;1;NA;NA;NA;NA;NA;NA;NA;0;1;0;0;1;1;0;1;1;0;0;1;NA;NA;NA;NA;NA;NA;NA;NA;NA;NA;NA;NA
"656139Rh";655925;139475;"Other programs";"Rhone";1.56811582721163;6.99252091110969;-3.39797258197969;1;0.245016;3.36633029643657;0.00423153813847459;0.647904367813727;1;0;1;0;1;0;0;NA;1;0;0;1;0;NA;0;0;NA;NA;0;0;NA;NA;NA;NA;NA;0;NA;NA;0;NA;0;1;1;NA;NA;0;1;NA;NA;NA;NA;NA;NA;NA;NA;NA;NA;NA;NA;NA;NA;NA;NA;NA;NA;NA;NA;NA;NA;NA;NA;NA;NA;NA;NA;NA;NA;NA;NA;NA;NA;NA;NA;NA;NA;NA;NA;NA;0;NA;NA;0;0;1;NA;NA;NA;0;1;NA;NA;NA;NA;NA;NA;NA;0;1;0;0;1;1;0;1;1;0;0;1;NA;NA;NA;NA;NA;NA;NA;NA;NA;NA;NA;NA
"626123Rh";626453;124034;"BDM";"Rhone";1.33199059818705;5.82321078317951;-4;1;0.5904456;2.98745831617565;0.00398297499285341;0.621301623212649;1;0;1;0;1;0;0;NA;1;0;0;1;0;NA;0;0;NA;NA;0;0;NA;NA;NA;NA;NA;0;NA;NA;0;NA;0;1;1;NA;NA;0;1;NA;NA;NA;NA;NA;NA;NA;NA;NA;NA;NA;NA;NA;NA;NA;NA;NA;NA;NA;NA;NA;NA;NA;NA;NA;NA;NA;NA;NA;NA;NA;NA;NA;NA;NA;NA;NA;NA;NA;NA;NA;0;NA;NA;0;0;1;NA;NA;NA;0;0;NA;NA;NA;NA;NA;NA;NA;0;1;0;0;1;1;0;1;1;0;0;1;NA;NA;NA;NA;NA;NA;NA;NA;NA;NA;NA;NA
"644131Rh";644000;131390;"BDM";"Rhone";3.54494414948197;6.23930472206797;-3.66784743427386;1;0.1192428;74.3999059011523;0.00353195042969047;0.573029757459055;1;0;1;0;1;0;0;NA;1;0;0;1;0;NA;0;0;NA;NA;0;0;NA;NA;NA;NA;NA;0;NA;NA;0;NA;1;1;1;NA;NA;0;1;NA;NA;NA;NA;NA;NA;NA;NA;NA;NA;NA;NA;NA;NA;NA;NA;NA;NA;NA;NA;NA;NA;NA;NA;NA;NA;NA;NA;NA;NA;NA;NA;NA;NA;NA;NA;NA;NA;NA;NA;NA;0;NA;NA;0;1;1;NA;NA;NA;0;0;NA;NA;NA;NA;NA;NA;NA;0;1;0;0;1;1;0;1;1;0;0;1;NA;NA;NA;NA;NA;NA;NA;NA;NA;NA;NA;NA
"620123Rh";620968;123867;"BDM";"Rhone";2.93565097334065;6.88853860163757;-3.2840317354131;1;0.3541938;257.674941853431;0.00379824929408547;0.601531151716168;1;0;1;0;1;0;0;NA;1;0;0;1;0;NA;0;0;NA;NA;0;1;NA;NA;NA;NA;NA;0;NA;NA;0;NA;1;1;1;NA;NA;0;1;NA;NA;NA;NA;NA;NA;NA;NA;NA;NA;NA;NA;NA;NA;NA;NA;NA;NA;NA;NA;NA;NA;NA;NA;NA;NA;NA;NA;NA;NA;NA;NA;NA;NA;NA;NA;NA;NA;NA;NA;NA;0;NA;NA;0;0;1;NA;NA;NA;0;1;NA;NA;NA;NA;NA;NA;NA;0;1;0;0;1;1;0;1;1;0;0;1;NA;NA;NA;NA;NA;NA;NA;NA;NA;NA;NA;NA
"632123Rh";633000;123547;"Other programs";"Rhone";0.371028569238439;7.76244266323442;-1.7910646459024;1;0.6;252.928112552201;0.0037118500569009;0.592284178136055;1;0;1;1;1;0;1;NA;1;1;0;0;0;NA;0;0;NA;NA;1;1;NA;NA;NA;NA;NA;0;NA;NA;0;NA;1;0;0;NA;NA;0;1;NA;NA;NA;NA;NA;NA;NA;NA;NA;NA;NA;NA;NA;NA;NA;NA;NA;NA;NA;NA;NA;NA;NA;NA;NA;NA;NA;NA;NA;NA;NA;NA;NA;NA;NA;NA;NA;NA;NA;NA;NA;0;NA;NA;0;0;1;NA;NA;NA;0;1;NA;NA;NA;NA;NA;NA;NA;0;1;0;0;1;0;0;1;1;0;0;0;NA;NA;NA;NA;NA;NA;NA;NA;NA;NA;NA;NA
"602107Rh";601960;107055;"Other programs";"Rhone";1.4827067303975;5.00751521089676;-3.55286988848619;1;0.4495176;136.635671994296;0.00424805359044414;0.649671952262416;1;0;1;0;1;0;0;NA;1;0;0;1;0;NA;0;0;NA;NA;0;0;NA;NA;NA;NA;NA;0;NA;NA;0;NA;1;1;1;NA;NA;0;1;NA;NA;NA;NA;NA;NA;NA;NA;NA;NA;NA;NA;NA;NA;NA;NA;NA;NA;NA;NA;NA;NA;NA;NA;NA;NA;NA;NA;NA;NA;NA;NA;NA;NA;NA;NA;NA;NA;NA;NA;NA;0;NA;NA;0;0;1;NA;NA;NA;0;0;NA;NA;NA;NA;NA;NA;NA;0;1;0;0;1;1;0;1;1;0;0;1;NA;NA;NA;NA;NA;NA;NA;NA;NA;NA;NA;NA
"602131Rh";602238;132075;"BDM";"Rhone";1.30839973516032;5.48094496843964;-3.6576010086138;1;0.3409524;40.5815430418913;0.0038278066096947;0.604694555994307;1;0;1;0;1;0;0;NA;1;0;0;1;0;NA;0;0;NA;NA;0;0;NA;NA;NA;NA;NA;0;NA;NA;0;NA;1;1;1;NA;NA;0;1;NA;NA;NA;NA;NA;NA;NA;NA;NA;NA;NA;NA;NA;NA;NA;NA;NA;NA;NA;NA;NA;NA;NA;NA;NA;NA;NA;NA;NA;NA;NA;NA;NA;NA;NA;NA;NA;NA;NA;NA;NA;0;NA;NA;0;1;1;NA;NA;NA;0;0;NA;NA;NA;NA;NA;NA;NA;0;1;0;0;1;1;0;1;1;0;0;1;NA;NA;NA;NA;NA;NA;NA;NA;NA;NA;NA;NA
"CH130VDRh";520715;147440;"NAWA TREND";"RhoneLeman";0.620129973187655;18.2193675519615;-0.96996868369161;1;0.5598726;322.941369172751;0.0267197856937042;2.5226593696822;1;0;1;1;0;0;0;1;NA;0;NA;NA;0;0;0;0;NA;NA;1;NA;0;0;0;0;0;NA;0;NA;0;0;NA;NA;NA;NA;NA;0;1;NA;NA;0;NA;NA;0;NA;NA;NA;0;NA;NA;NA;NA;NA;NA;NA;NA;NA;NA;NA;NA;NA;NA;NA;NA;NA;NA;NA;NA;NA;NA;NA;NA;NA;NA;NA;NA;NA;NA;NA;NA;NA;NA;NA;NA;NA;NA;NA;NA;NA;NA;NA;0;0;NA;NA;NA;NA;NA;NA;NA;NA;NA;NA;NA;NA;NA;NA;NA;NA;0;1;0;0;NA;NA;NA;NA;NA;NA;NA;NA
"CH131VDRh";553755;145728;"NAWA TREND";"RhoneLeman";0.676109707516382;16.7876295142838;-1.34756045202153;1;0.2466018;205.856515005971;0.00773329543767968;0.964643804199159;1;1;1;1;1;0;0;1;NA;0;NA;NA;0;0;0;0;NA;NA;1;NA;0;0;0;0;0;NA;0;NA;0;0;NA;NA;NA;NA;NA;0;1;NA;NA;1;NA;NA;0;NA;NA;NA;0;NA;NA;NA;NA;NA;NA;NA;NA;NA;NA;NA;NA;NA;NA;NA;NA;NA;NA;NA;NA;NA;NA;NA;NA;NA;NA;NA;NA;NA;NA;NA;NA;NA;NA;NA;NA;NA;NA;NA;NA;NA;NA;NA;0;1;NA;NA;NA;NA;NA;NA;NA;NA;NA;NA;NA;NA;NA;NA;NA;NA;1;1;0;0;NA;NA;NA;NA;NA;NA;NA;NA
"CH128VDRh";510084;140075;"NAWA TREND";"RhoneLeman";0.800579322914257;17.8744508401519;-1.25502870726676;1;0.6;596.413677253272;0.0145579879762036;1.44779369562458;1;0;1;1;1;0;0;1;NA;0;NA;NA;0;0;0;0;NA;NA;1;NA;0;0;0;0;0;NA;0;NA;0;0;NA;NA;NA;NA;NA;0;1;NA;NA;0;NA;NA;0;NA;NA;NA;0;NA;NA;NA;NA;NA;NA;NA;NA;NA;NA;NA;NA;NA;NA;NA;NA;NA;NA;NA;NA;NA;NA;NA;NA;NA;NA;NA;NA;NA;NA;NA;NA;NA;NA;NA;NA;NA;NA;NA;NA;NA;NA;NA;0;0;NA;NA;NA;NA;NA;NA;NA;NA;NA;NA;NA;NA;NA;NA;NA;NA;0;1;0;0;NA;NA;NA;NA;NA;NA;NA;NA
"CH129VDRh";526246;149629;"NAWA TREND";"RhoneLeman";0.429281573278462;19.3958122649673;-0.597770292067937;2;0.6;601.945071629166;0.0420779839980345;3.65391000705528;1;0;1;1;0;0;1;1;NA;1;NA;NA;0;1;1;0;NA;NA;1;NA;0;0;0;1;0;NA;0;NA;0;0;NA;NA;NA;NA;NA;0;0;NA;NA;0;NA;NA;0;NA;NA;NA;0;NA;NA;NA;NA;NA;NA;NA;NA;NA;NA;NA;NA;NA;NA;NA;NA;NA;NA;NA;NA;NA;NA;NA;NA;NA;NA;NA;NA;NA;NA;NA;NA;NA;NA;NA;NA;NA;NA;NA;NA;NA;NA;NA;0;1;NA;NA;NA;NA;NA;NA;NA;NA;NA;NA;NA;NA;NA;NA;NA;NA;0;0;0;1;NA;NA;NA;NA;NA;NA;NA;NA
"CH020VDRh";532030;154088;"NAWA TREND";"RhoneLeman";0.492989779996859;20.9031007458832;-0.755168602051223;2;0.243087;128.290861747257;0.0454833088168122;4.2090868746946;1;1;1;1;0;0;0;1;NA;1;NA;NA;0;1;0;0;NA;NA;1;NA;0;0;0;0;0;NA;0;NA;0;0;NA;NA;NA;NA;NA;0;0;NA;NA;1;NA;NA;0;NA;NA;NA;0;NA;NA;NA;NA;NA;NA;NA;NA;NA;NA;NA;NA;NA;NA;NA;NA;NA;NA;NA;NA;NA;NA;NA;NA;NA;NA;NA;NA;NA;NA;NA;NA;NA;NA;NA;NA;NA;NA;NA;NA;NA;NA;NA;0;1;NA;NA;NA;NA;NA;NA;NA;NA;NA;NA;NA;NA;NA;NA;NA;NA;1;0;0;0;NA;NA;NA;NA;NA;NA;NA;NA
"524155Rh";524310;156000;"BDM";"RhoneLeman";0.518432946439212;18.0838497467743;-0.789883199897148;2;0.6;579.732591118113;0.0520405550934467;4.8171452631007;1;0;1;1;0;0;0;1;NA;1;NA;NA;0;1;0;0;NA;NA;1;NA;0;0;0;0;0;NA;0;NA;0;0;NA;NA;NA;NA;NA;0;0;NA;NA;0;NA;NA;0;NA;NA;NA;0;NA;NA;NA;NA;NA;NA;NA;NA;NA;NA;NA;NA;NA;NA;NA;NA;NA;NA;NA;NA;NA;NA;NA;NA;NA;NA;NA;NA;NA;NA;NA;NA;NA;NA;NA;NA;NA;NA;NA;NA;NA;NA;NA;0;1;NA;NA;NA;NA;NA;NA;NA;NA;NA;NA;NA;NA;NA;NA;NA;NA;0;0;0;0;NA;NA;NA;NA;NA;NA;NA;NA
"530155Rh";530885;155997;"BDM";"RhoneLeman";0.523235347851953;20.6654528117392;-0.787191037633454;2;0.5710608;344.239621497632;0.0446662097489682;4.0326952435661;1;1;1;1;0;0;0;1;NA;1;NA;NA;0;1;0;0;NA;NA;1;NA;0;0;0;0;0;NA;0;NA;0;0;NA;NA;NA;NA;NA;0;0;NA;NA;1;NA;NA;0;NA;NA;NA;0;NA;NA;NA;NA;NA;NA;NA;NA;NA;NA;NA;NA;NA;NA;NA;NA;NA;NA;NA;NA;NA;NA;NA;NA;NA;NA;NA;NA;NA;NA;NA;NA;NA;NA;NA;NA;NA;NA;NA;NA;NA;NA;NA;0;1;NA;NA;NA;NA;NA;NA;NA;NA;NA;NA;NA;NA;NA;NA;NA;NA;1;0;0;0;NA;NA;NA;NA;NA;NA;NA;NA
"554147Rh";554326;147978;"BDM";"RhoneLeman";0.507553793845365;13.2232619430359;-0.623876537524058;1;0.6;567.070291033266;0.0058374220548072;0.798053710235342;1;0;1;1;1;0;1;1;NA;0;NA;NA;0;1;0;0;NA;NA;1;NA;0;0;1;0;0;NA;1;NA;0;1;NA;NA;NA;NA;NA;0;1;NA;NA;0;NA;NA;0;NA;NA;NA;0;NA;NA;NA;NA;NA;NA;NA;NA;NA;NA;NA;NA;NA;NA;NA;NA;NA;NA;NA;NA;NA;NA;NA;NA;NA;NA;NA;NA;NA;NA;NA;NA;NA;NA;NA;NA;NA;NA;NA;NA;NA;NA;NA;0;1;NA;NA;NA;NA;NA;NA;NA;NA;NA;NA;NA;NA;NA;NA;NA;NA;0;0;0;0;NA;NA;NA;NA;NA;NA;NA;NA
"506139Rh";506000;139676;"BDM";"RhoneLeman";0.777431818972262;17.4709093473976;-1.05167898823937;1;0.598089;512.676984097146;0.0241807465413299;2.342829768513;1;0;1;1;1;0;0;1;NA;0;NA;NA;0;0;0;0;NA;NA;1;NA;0;0;0;0;0;NA;0;NA;0;0;NA;NA;NA;NA;NA;0;1;NA;NA;0;NA;NA;0;NA;NA;NA;0;NA;NA;NA;NA;NA;NA;NA;NA;NA;NA;NA;NA;NA;NA;NA;NA;NA;NA;NA;NA;NA;NA;NA;NA;NA;NA;NA;NA;NA;NA;NA;NA;NA;NA;NA;NA;NA;NA;NA;NA;NA;NA;NA;0;0;NA;NA;NA;NA;NA;NA;NA;NA;NA;NA;NA;NA;NA;NA;NA;NA;0;1;0;0;NA;NA;NA;NA;NA;NA;NA;NA
"548147Rh";549000;147915;"Other programs";"RhoneLeman";0.693584320778568;17.5954165721886;-0.951592466024729;2;0.6;615.276956615342;0.0323417175222011;2.90472500842784;1;0;1;1;1;0;0;1;NA;0;NA;NA;0;0;0;0;NA;NA;1;NA;0;0;0;0;0;NA;0;NA;0;0;NA;NA;NA;NA;NA;0;0;NA;NA;0;NA;NA;0;NA;NA;NA;0;NA;NA;NA;NA;NA;NA;NA;NA;NA;NA;NA;NA;NA;NA;NA;NA;NA;NA;NA;NA;NA;NA;NA;NA;NA;NA;NA;NA;NA;NA;NA;NA;NA;NA;NA;NA;NA;NA;NA;NA;NA;NA;NA;0;0;NA;NA;NA;NA;NA;NA;NA;NA;NA;NA;NA;NA;NA;NA;NA;NA;0;0;0;0;NA;NA;NA;NA;NA;NA;NA;NA
"518147Rh";518000;147045;"BDM";"RhoneLeman";0.220072938743005;17.0866572305344;-0.395892111811548;1;0.6;508.808129505807;0.0210906620167367;1.90125073033386;1;0;1;1;0;0;1;1;NA;0;NA;NA;0;1;0;0;NA;NA;1;NA;0;1;0;0;0;NA;0;NA;0;0;NA;NA;NA;NA;NA;0;1;NA;NA;0;NA;NA;0;NA;NA;NA;0;NA;NA;NA;NA;NA;NA;NA;NA;NA;NA;NA;NA;NA;NA;NA;NA;NA;NA;NA;NA;NA;NA;NA;NA;NA;NA;NA;NA;NA;NA;NA;NA;NA;NA;NA;NA;NA;NA;NA;NA;NA;NA;NA;0;0;NA;NA;NA;NA;NA;NA;NA;NA;NA;NA;NA;NA;NA;NA;NA;NA;0;1;1;1;NA;NA;NA;NA;NA;NA;NA;NA
"542155Rh";542000;155385;"BDM";"RhoneLeman";0.316871725623712;14.217799441413;-0.590098254838877;1;0.6;582.294033429388;0.00837296638506741;0.938848633078034;1;0;1;1;0;0;1;1;NA;0;NA;NA;0;1;0;0;NA;NA;1;NA;0;1;1;0;0;NA;1;NA;0;1;NA;NA;NA;NA;NA;0;1;NA;NA;0;NA;NA;0;NA;NA;NA;0;NA;NA;NA;NA;NA;NA;NA;NA;NA;NA;NA;NA;NA;NA;NA;NA;NA;NA;NA;NA;NA;NA;NA;NA;NA;NA;NA;NA;NA;NA;NA;NA;NA;NA;NA;NA;NA;NA;NA;NA;NA;NA;NA;0;1;NA;NA;NA;NA;NA;NA;NA;NA;NA;NA;NA;NA;NA;NA;NA;NA;0;1;0;1;NA;NA;NA;NA;NA;NA;NA;NA
"560147Rh";560577;147894;"BDM";"RhoneLeman";0.894498141402705;10.0188326577215;-4;1;0.6;415.545001113954;0.00426701215149908;0.651701013153516;1;0;1;1;1;0;0;0;NA;0;NA;NA;0;0;0;0;NA;NA;1;NA;0;0;0;0;0;NA;0;NA;0;0;NA;NA;NA;NA;NA;0;1;NA;NA;0;NA;NA;0;NA;NA;NA;0;NA;NA;NA;NA;NA;NA;NA;NA;NA;NA;NA;NA;NA;NA;NA;NA;NA;NA;NA;NA;NA;NA;NA;NA;NA;NA;NA;NA;NA;NA;NA;NA;NA;NA;NA;NA;NA;NA;NA;NA;NA;NA;NA;0;0;NA;NA;NA;NA;NA;NA;NA;NA;NA;NA;NA;NA;NA;NA;NA;NA;0;1;0;0;NA;NA;NA;NA;NA;NA;NA;NA
"530163Rh";530573;164000;"BDM";"RhoneLeman";0.485217695317307;18.0070216901172;-0.632186864071373;2;0.6;492.91445290269;0.0661544632804361;5.6377840813321;1;0;1;1;0;0;1;1;NA;1;NA;NA;0;1;0;0;NA;NA;1;NA;0;0;0;1;0;NA;0;NA;0;0;NA;NA;NA;NA;NA;0;0;NA;NA;0;NA;NA;0;NA;NA;NA;0;NA;NA;NA;NA;NA;NA;NA;NA;NA;NA;NA;NA;NA;NA;NA;NA;NA;NA;NA;NA;NA;NA;NA;NA;NA;NA;NA;NA;NA;NA;NA;NA;NA;NA;NA;NA;NA;NA;NA;NA;NA;NA;NA;0;1;NA;NA;NA;NA;NA;NA;NA;NA;NA;NA;NA;NA;NA;NA;NA;NA;0;0;0;1;NA;NA;NA;NA;NA;NA;NA;NA
"560131Rh";560474;132000;"BDM";"RhoneLeman";0.232697760500081;18.4932857676928;-0.755168596367442;2;0.3390474;289.827953805567;0.0429235337116182;4.57541848007591;1;1;1;1;0;0;1;1;NA;1;NA;NA;0;1;0;0;NA;NA;1;NA;0;0;0;0;0;NA;0;NA;0;0;NA;NA;NA;NA;NA;0;0;NA;NA;1;NA;NA;1;NA;NA;NA;1;NA;NA;NA;NA;NA;NA;NA;NA;NA;NA;NA;NA;NA;NA;NA;NA;NA;NA;NA;NA;NA;NA;NA;NA;NA;NA;NA;NA;NA;NA;NA;NA;NA;NA;NA;NA;NA;NA;NA;NA;NA;NA;NA;0;0;NA;NA;NA;NA;NA;NA;NA;NA;NA;NA;NA;NA;NA;NA;NA;NA;1;0;0;1;NA;NA;NA;NA;NA;NA;NA;NA
"500123Rh";500000;123219;"BDM";"RhoneLeman";0.259374696857956;17.8954468364963;-0.533333125650643;2;0.6;510.378725522429;0.0353821216106752;2.97701370508932;1;0;1;1;0;0;1;1;NA;1;NA;NA;0;1;0;0;NA;NA;1;NA;0;0;0;0;0;NA;0;NA;0;0;NA;NA;NA;NA;NA;0;0;NA;NA;0;NA;NA;0;NA;NA;NA;1;NA;NA;NA;NA;NA;NA;NA;NA;NA;NA;NA;NA;NA;NA;NA;NA;NA;NA;NA;NA;NA;NA;NA;NA;NA;NA;NA;NA;NA;NA;NA;NA;NA;NA;NA;NA;NA;NA;NA;NA;NA;NA;NA;0;1;NA;NA;NA;NA;NA;NA;NA;NA;NA;NA;NA;NA;NA;NA;NA;NA;0;0;0;1;NA;NA;NA;NA;NA;NA;NA;NA
"536155Rh";535998;155168;"Other programs";"RhoneLeman";0.36437940814356;13.3185547047748;-0.471459668681074;1;0.3742764;489.988669927858;0.0240605706660397;2.11946512555699;1;1;1;1;0;0;1;1;NA;0;NA;NA;0;1;0;0;NA;NA;1;NA;0;1;1;0;0;NA;1;NA;0;1;NA;NA;NA;NA;NA;0;1;NA;NA;1;NA;NA;1;NA;NA;NA;0;NA;NA;NA;NA;NA;NA;NA;NA;NA;NA;NA;NA;NA;NA;NA;NA;NA;NA;NA;NA;NA;NA;NA;NA;NA;NA;NA;NA;NA;NA;NA;NA;NA;NA;NA;NA;NA;NA;NA;NA;NA;NA;NA;0;1;NA;NA;NA;NA;NA;NA;NA;NA;NA;NA;NA;NA;NA;NA;NA;NA;1;0;0;1;NA;NA;NA;NA;NA;NA;NA;NA
"18VDRh";511795;142850;"Other programs";"RhoneLeman";0.361779274443258;18.054812750863;-0.510786304071612;2;0.6;556.768915551612;0.0359852968950456;3.01586922702568;1;0;1;1;0;0;1;1;NA;1;NA;NA;0;1;1;0;NA;NA;1;NA;0;0;1;1;0;NA;0;NA;0;0;NA;NA;NA;NA;NA;0;0;NA;NA;0;NA;NA;0;NA;NA;NA;0;NA;NA;NA;NA;NA;NA;NA;NA;NA;NA;NA;NA;NA;NA;NA;NA;NA;NA;NA;NA;NA;NA;NA;NA;NA;NA;NA;NA;NA;NA;NA;NA;NA;NA;NA;NA;NA;NA;NA;NA;NA;NA;NA;0;1;NA;NA;NA;NA;NA;NA;NA;NA;NA;NA;NA;NA;NA;NA;NA;NA;0;0;0;1;NA;NA;NA;NA;NA;NA;NA;NA
"6VDRh";502500;139961;"Other programs";"RhoneLeman";0.647960510467526;15.3923656608089;-1.33599503162643;1;0.5961786;580.08140636027;0.0149890581754781;1.45468009712113;1;0;1;1;1;0;0;1;NA;0;NA;NA;0;0;0;0;NA;NA;1;NA;0;0;0;0;0;NA;0;NA;0;0;NA;NA;NA;NA;NA;0;1;NA;NA;0;NA;NA;0;NA;NA;NA;0;NA;NA;NA;NA;NA;NA;NA;NA;NA;NA;NA;NA;NA;NA;NA;NA;NA;NA;NA;NA;NA;NA;NA;NA;NA;NA;NA;NA;NA;NA;NA;NA;NA;NA;NA;NA;NA;NA;NA;NA;NA;NA;NA;0;1;NA;NA;NA;NA;NA;NA;NA;NA;NA;NA;NA;NA;NA;NA;NA;NA;0;1;0;0;NA;NA;NA;NA;NA;NA;NA;NA
"7VDRh";504942;139763;"Other programs";"RhoneLeman";0.614887525285552;16.942214732799;-1.125179200781;1;0.5599998;510.86070052763;0.0214229525014043;2.13305578161694;1;0;1;1;1;0;0;1;NA;0;NA;NA;0;0;0;0;NA;NA;1;NA;0;0;0;0;0;NA;0;NA;0;0;NA;NA;NA;NA;NA;0;1;NA;NA;0;NA;NA;0;NA;NA;NA;0;NA;NA;NA;NA;NA;NA;NA;NA;NA;NA;NA;NA;NA;NA;NA;NA;NA;NA;NA;NA;NA;NA;NA;NA;NA;NA;NA;NA;NA;NA;NA;NA;NA;NA;NA;NA;NA;NA;NA;NA;NA;NA;NA;0;1;NA;NA;NA;NA;NA;NA;NA;NA;NA;NA;NA;NA;NA;NA;NA;NA;0;1;0;0;NA;NA;NA;NA;NA;NA;NA;NA
"722083Ti";722213;84000;"BDM";"Ticino";0.426511023583495;10.0884928309321;-4;1;0.6;518.349177769182;0.00455218465905683;0.682221915062963;1;0;1;1;1;0;1;1;1;1;0;1;0;NA;1;0;1;1;1;1;1;1;1;NA;NA;0;1;1;0;NA;1;1;0;NA;NA;NA;NA;NA;NA;0;0;NA;NA;NA;NA;0;NA;NA;NA;NA;NA;NA;NA;NA;NA;NA;NA;NA;NA;NA;NA;NA;NA;NA;NA;NA;NA;NA;NA;NA;NA;NA;NA;NA;NA;NA;NA;NA;0;NA;0;0;1;1;NA;NA;NA;0;NA;NA;0;NA;NA;0;NA;NA;0;1;0;NA;NA;0;NA;NA;NA;NA;NA;NA;NA;NA;NA;NA;0;0;0;0;1;0;0;1
"722107Ti";722926;107000;"BDM";"Ticino";0.482115796495725;8.16720264611463;-4;1;0.5519232;648.773073468698;0.00376417318270076;0.597884118340002;1;0;1;1;1;0;0;0;1;1;0;1;0;NA;0;0;1;1;1;1;1;0;1;NA;NA;0;1;1;0;NA;1;1;1;NA;NA;NA;NA;NA;NA;0;0;NA;NA;NA;NA;0;NA;NA;NA;NA;NA;NA;NA;NA;NA;NA;NA;NA;NA;NA;NA;NA;NA;NA;NA;NA;NA;NA;NA;NA;NA;NA;NA;NA;NA;NA;NA;NA;0;NA;0;0;1;1;NA;NA;NA;0;NA;NA;0;NA;NA;0;NA;NA;0;1;0;NA;NA;1;NA;NA;NA;NA;NA;NA;NA;NA;NA;NA;0;0;0;0;1;0;0;1
"710099Ti";710023;99423;"BDM";"Ticino";0.613228635157941;11.5878406162943;-4;1;0.6;502.300575754546;0.00372698153284028;0.593903641024837;1;0;1;1;1;0;0;0;1;1;0;1;0;NA;0;0;1;1;1;1;0;0;0;NA;NA;0;0;1;0;NA;1;1;1;NA;NA;NA;NA;NA;NA;0;0;NA;NA;NA;NA;0;NA;NA;NA;NA;NA;NA;NA;NA;NA;NA;NA;NA;NA;NA;NA;NA;NA;NA;NA;NA;NA;NA;NA;NA;NA;NA;NA;NA;NA;NA;NA;NA;0;NA;0;0;1;1;NA;NA;NA;0;NA;NA;0;NA;NA;0;NA;NA;0;1;0;NA;NA;1;NA;NA;NA;NA;NA;NA;NA;NA;NA;NA;0;0;0;0;1;0;0;1
"704115Ti";704243;116000;"BDM";"Ticino";0.760646934818418;8.6124192440875;-2.1296389409801;1;0.6;577.611224536664;0.00410661904481122;0.634534764141309;1;0;1;1;1;0;0;0;1;0;0;1;0;NA;0;0;1;0;0;1;0;0;0;NA;NA;0;0;1;0;NA;1;1;1;NA;NA;NA;NA;NA;NA;0;0;NA;NA;NA;NA;0;NA;NA;NA;NA;NA;NA;NA;NA;NA;NA;NA;NA;NA;NA;NA;NA;NA;NA;NA;NA;NA;NA;NA;NA;NA;NA;NA;NA;NA;NA;NA;NA;0;NA;0;0;0;1;NA;NA;NA;0;NA;NA;0;NA;NA;0;NA;NA;0;1;0;NA;NA;1;NA;NA;NA;NA;NA;NA;NA;NA;NA;NA;0;0;0;0;1;0;0;1
"716107Ti";716000;107247;"BDM";"Ticino";0.791408832910574;14.8664524289733;-2.17547004922318;1;0.2749998;77.675382467105;0.00399754422184817;0.626412562512813;1;0;1;1;1;0;0;1;1;0;0;1;0;NA;0;0;1;0;1;0;0;0;0;NA;NA;0;0;1;0;NA;0;1;1;NA;NA;NA;NA;NA;NA;0;0;NA;NA;NA;NA;0;NA;NA;NA;NA;NA;NA;NA;NA;NA;NA;NA;NA;NA;NA;NA;NA;NA;NA;NA;NA;NA;NA;NA;NA;NA;NA;NA;NA;NA;NA;NA;NA;0;NA;0;0;0;1;NA;NA;NA;0;NA;NA;0;NA;NA;0;NA;NA;0;0;0;NA;NA;1;NA;NA;NA;NA;NA;NA;NA;NA;NA;NA;0;0;0;0;1;0;0;0
"704131Ti";705000;131507;"Other programs";"Ticino";0.127101649842666;11.1783742215743;-1.24799490692641;1;0.0703584;7.88134353755949;0.00379927245193501;0.601640656312636;1;0;1;1;0;0;1;1;0;0;0;0;0;NA;0;0;1;0;1;0;0;1;1;NA;NA;0;0;1;0;NA;1;0;0;NA;NA;NA;NA;NA;NA;0;0;NA;NA;NA;NA;0;NA;NA;NA;NA;NA;NA;NA;NA;NA;NA;NA;NA;NA;NA;NA;NA;NA;NA;NA;NA;NA;NA;NA;NA;NA;NA;NA;NA;NA;NA;NA;NA;0;NA;0;0;0;1;NA;NA;NA;0;NA;NA;0;NA;NA;0;NA;NA;0;1;0;NA;NA;0;NA;NA;NA;NA;NA;NA;NA;NA;NA;NA;0;0;0;0;0;0;0;1
"716123Ti";717000;123778;"Other programs";"Ticino";1.08681596968295;10.4850100363903;-4;1;0.3607596;33.8132475083715;0.00355463644021975;0.575458217545926;1;0;1;1;1;0;0;0;1;0;0;1;0;NA;0;0;1;1;1;1;0;0;0;NA;NA;0;0;1;0;NA;1;1;1;NA;NA;NA;NA;NA;NA;0;0;NA;NA;NA;NA;0;NA;NA;NA;NA;NA;NA;NA;NA;NA;NA;NA;NA;NA;NA;NA;NA;NA;NA;NA;NA;NA;NA;NA;NA;NA;NA;NA;NA;NA;NA;NA;NA;0;NA;0;0;1;1;NA;NA;NA;0;NA;NA;0;NA;NA;0;NA;NA;0;1;0;NA;NA;1;NA;NA;NA;NA;NA;NA;NA;NA;NA;NA;0;0;0;0;1;0;0;1
"716155Ti";716000;155018;"BDM";"Ticino";1.71430504262438;6.79467661550733;-3.2840317354131;1;0.0990474;37.5519951848895;0.00379333778997947;0.601005492576265;1;0;1;0;1;0;0;0;1;0;0;1;0;NA;0;0;1;0;0;1;0;0;0;NA;NA;0;0;1;0;NA;1;1;1;NA;NA;NA;NA;NA;NA;0;0;NA;NA;NA;NA;0;NA;NA;NA;NA;NA;NA;NA;NA;NA;NA;NA;NA;NA;NA;NA;NA;NA;NA;NA;NA;NA;NA;NA;NA;NA;NA;NA;NA;NA;NA;NA;NA;0;NA;0;0;0;1;NA;NA;NA;0;NA;NA;0;NA;NA;0;NA;NA;0;1;0;NA;NA;1;NA;NA;NA;NA;NA;NA;NA;NA;NA;NA;0;0;0;0;1;0;0;1
"704147Ti";704052;147977;"BDM";"Ticino";0.636348638354293;8.38491442918895;-4;1;0.598095;13.0412610872;0.0034799011793522;0.567459593885987;1;0;1;0;1;0;0;0;1;0;0;1;0;NA;0;0;1;1;0;1;0;0;0;NA;NA;0;0;1;0;NA;1;1;1;NA;NA;NA;NA;NA;NA;0;0;NA;NA;NA;NA;0;NA;NA;NA;NA;NA;NA;NA;NA;NA;NA;NA;NA;NA;NA;NA;NA;NA;NA;NA;NA;NA;NA;NA;NA;NA;NA;NA;NA;NA;NA;NA;NA;0;NA;0;0;1;1;NA;NA;NA;0;NA;NA;0;NA;NA;0;NA;NA;0;1;0;NA;NA;1;NA;NA;NA;NA;NA;NA;NA;NA;NA;NA;0;0;0;0;1;0;0;1
"716083Ti";716386;83965;"BDM";"Ticino";0.450298013745339;15.0896516706598;-4;1;0.5470032;529.749551602998;0.00406653435475523;0.630244656010806;1;0;1;1;1;0;1;1;0;1;0;1;0;NA;1;0;1;1;1;1;1;1;1;NA;NA;0;1;1;0;NA;1;1;0;NA;NA;NA;NA;NA;NA;0;0;NA;NA;NA;NA;0;NA;NA;NA;NA;NA;NA;NA;NA;NA;NA;NA;NA;NA;NA;NA;NA;NA;NA;NA;NA;NA;NA;NA;NA;NA;NA;NA;NA;NA;NA;NA;NA;0;NA;0;0;0;0;NA;NA;NA;0;NA;NA;0;NA;NA;0;NA;NA;0;0;0;NA;NA;0;NA;NA;NA;NA;NA;NA;NA;NA;NA;NA;0;0;0;0;1;0;0;0
"722115Ti";722975;115802;"BDM";"Ticino";1.3545227022252;14.249001950978;-1.26295623504447;1;0.592233;532.243418624144;0.00360411576332946;0.580600015115017;1;0;1;1;1;0;0;1;1;0;0;0;0;NA;0;0;0;0;1;0;0;0;0;NA;NA;0;0;1;0;NA;0;1;1;NA;NA;NA;NA;NA;NA;0;0;NA;NA;NA;NA;0;NA;NA;NA;NA;NA;NA;NA;NA;NA;NA;NA;NA;NA;NA;NA;NA;NA;NA;NA;NA;NA;NA;NA;NA;NA;NA;NA;NA;NA;NA;NA;NA;0;NA;0;0;0;1;NA;NA;NA;0;NA;NA;0;NA;NA;0;NA;NA;0;0;0;NA;NA;0;NA;NA;NA;NA;NA;NA;NA;NA;NA;NA;0;0;0;0;1;0;0;0
"722123Ti";722600;124000;"BDM";"Ticino";0.995779259916881;13.4950199238547;-1.37909861149957;1;0.4993548;512.4679116484;0.00552533188578896;0.742091074274609;1;0;1;1;1;0;0;1;1;0;0;0;0;NA;0;0;1;0;1;1;0;0;0;NA;NA;0;0;1;0;NA;0;1;1;NA;NA;NA;NA;NA;NA;0;0;NA;NA;NA;NA;0;NA;NA;NA;NA;NA;NA;NA;NA;NA;NA;NA;NA;NA;NA;NA;NA;NA;NA;NA;NA;NA;NA;NA;NA;NA;NA;NA;NA;NA;NA;NA;NA;0;NA;0;0;0;1;NA;NA;NA;0;NA;NA;0;NA;NA;0;NA;NA;0;0;0;NA;NA;0;NA;NA;NA;NA;NA;NA;NA;NA;NA;NA;0;0;0;0;1;0;0;0
"722131Ti";722009;131988;"BDM";"Ticino";1.15199688300471;7.89146485133154;-4;1;0.5424918;32.1476927854231;0.0035886532469025;0.579098903771006;1;0;1;0;1;0;0;0;1;0;0;1;0;NA;0;0;1;1;0;1;0;0;0;NA;NA;0;0;1;0;NA;1;1;1;NA;NA;NA;NA;NA;NA;0;0;NA;NA;NA;NA;0;NA;NA;NA;NA;NA;NA;NA;NA;NA;NA;NA;NA;NA;NA;NA;NA;NA;NA;NA;NA;NA;NA;NA;NA;NA;NA;NA;NA;NA;NA;NA;NA;0;NA;0;0;1;1;NA;NA;NA;0;NA;NA;0;NA;NA;0;NA;NA;0;1;0;NA;NA;1;NA;NA;NA;NA;NA;NA;NA;NA;NA;NA;0;0;0;0;1;0;0;1
"740131Ti";740000;131353;"BDM";"Ticino";0.618186488458628;8.14505565714331;-4;1;0.4919616;27.0789027751054;0.0036540353595527;0.586096496434895;1;0;1;0;1;0;0;0;1;0;0;1;0;NA;0;0;1;1;0;1;0;0;0;NA;NA;0;0;1;0;NA;1;1;1;NA;NA;NA;NA;NA;NA;0;0;NA;NA;NA;NA;0;NA;NA;NA;NA;NA;NA;NA;NA;NA;NA;NA;NA;NA;NA;NA;NA;NA;NA;NA;NA;NA;NA;NA;NA;NA;NA;NA;NA;NA;NA;NA;NA;0;NA;0;0;1;1;NA;NA;NA;0;NA;NA;0;NA;NA;0;NA;NA;0;1;0;NA;NA;1;NA;NA;NA;NA;NA;NA;NA;NA;NA;NA;0;0;0;0;1;0;0;1
"716099Ti";716000;99325;"BDM";"Ticino";0.411468867163602;16.0141137586008;-0.869140445910178;1;0.6;500.773134169833;0.00735252370219528;0.904276148460276;1;0;1;1;0;0;1;1;0;1;0;0;0;NA;0;0;0;1;1;0;0;1;1;NA;NA;0;1;1;0;NA;1;0;0;NA;NA;NA;NA;NA;NA;0;0;NA;NA;NA;NA;0;NA;NA;NA;NA;NA;NA;NA;NA;NA;NA;NA;NA;NA;NA;NA;NA;NA;NA;NA;NA;NA;NA;NA;NA;NA;NA;NA;NA;NA;NA;NA;NA;0;NA;0;0;0;0;NA;NA;NA;0;NA;NA;0;NA;NA;0;NA;NA;0;0;0;NA;NA;0;NA;NA;NA;NA;NA;NA;NA;NA;NA;NA;0;0;0;0;0;0;0;0
"710115Ti";711000;115637;"Other programs";"Ticino";0.79025196386848;13.4845174305114;-2.15647161243587;1;0.5713374;346.456282609265;0.00358272320109817;0.578355258458451;1;0;1;1;1;0;0;1;1;0;0;1;0;NA;0;0;1;0;1;1;0;0;0;NA;NA;0;0;1;0;NA;0;1;1;NA;NA;NA;NA;NA;NA;0;0;NA;NA;NA;NA;0;NA;NA;NA;NA;NA;NA;NA;NA;NA;NA;NA;NA;NA;NA;NA;NA;NA;NA;NA;NA;NA;NA;NA;NA;NA;NA;NA;NA;NA;NA;NA;NA;0;NA;0;0;0;1;NA;NA;NA;0;NA;NA;0;NA;NA;0;NA;NA;0;0;0;NA;NA;1;NA;NA;NA;NA;NA;NA;NA;NA;NA;NA;0;0;0;0;1;0;0;0
"716115Ti";716058;116011;"BDM";"Ticino";0.726613732494495;10.6371811179873;-4;1;0.5619048;471.535939427899;0.00365615612957238;0.586323474183548;1;0;1;1;1;0;0;0;1;0;0;1;0;NA;0;0;1;1;1;1;0;0;0;NA;NA;0;0;1;0;NA;1;1;1;NA;NA;NA;NA;NA;NA;0;0;NA;NA;NA;NA;0;NA;NA;NA;NA;NA;NA;NA;NA;NA;NA;NA;NA;NA;NA;NA;NA;NA;NA;NA;NA;NA;NA;NA;NA;NA;NA;NA;NA;NA;NA;NA;NA;0;NA;0;0;1;1;NA;NA;NA;0;NA;NA;0;NA;NA;0;NA;NA;0;1;0;NA;NA;1;NA;NA;NA;NA;NA;NA;NA;NA;NA;NA;0;0;0;0;1;0;0;1
"704107Ti";704000;107023;"BDM";"Ticino";0.781543883475755;11.4279890511275;-2.63455357458675;1;0.6;519.578771691846;0.00351236665723085;0.570934247436091;1;0;1;1;1;0;0;0;1;0;0;1;0;NA;0;0;1;0;1;1;0;0;0;NA;NA;0;0;1;0;NA;1;1;1;NA;NA;NA;NA;NA;NA;0;0;NA;NA;NA;NA;0;NA;NA;NA;NA;NA;NA;NA;NA;NA;NA;NA;NA;NA;NA;NA;NA;NA;NA;NA;NA;NA;NA;NA;NA;NA;NA;NA;NA;NA;NA;NA;NA;0;NA;0;0;0;1;NA;NA;NA;0;NA;NA;0;NA;NA;0;NA;NA;0;1;0;NA;NA;1;NA;NA;NA;NA;NA;NA;NA;NA;NA;NA;0;0;0;0;1;0;0;1
"728115Ti";728094;115000;"BDM";"Ticino";0.986480122960231;7.3016784112389;-4;1;0.5808918;518.810110396968;0.0043676589735023;0.662472850201082;1;0;1;0;1;0;0;0;1;0;0;1;0;NA;0;0;1;0;0;1;0;0;0;NA;NA;0;0;1;0;NA;1;1;1;NA;NA;NA;NA;NA;NA;0;0;NA;NA;NA;NA;0;NA;NA;NA;NA;NA;NA;NA;NA;NA;NA;NA;NA;NA;NA;NA;NA;NA;NA;NA;NA;NA;NA;NA;NA;NA;NA;NA;NA;NA;NA;NA;NA;0;NA;0;0;1;1;NA;NA;NA;0;NA;NA;0;NA;NA;0;NA;NA;0;1;0;NA;NA;1;NA;NA;NA;NA;NA;NA;NA;NA;NA;NA;0;0;0;0;1;0;0;1
"692131Ti";692000;131036;"BDM";"Ticino";0.442769920668455;5.85484559200478;-4;1;0.3759492;460.276134730726;0.00355521936636921;0.575520605859514;1;0;1;1;1;0;0;0;1;1;0;1;0;NA;0;0;1;1;1;1;0;0;1;NA;NA;0;1;1;0;NA;1;1;0;NA;NA;NA;NA;NA;NA;0;0;NA;NA;NA;NA;0;NA;NA;NA;NA;NA;NA;NA;NA;NA;NA;NA;NA;NA;NA;NA;NA;NA;NA;NA;NA;NA;NA;NA;NA;NA;NA;NA;NA;NA;NA;NA;NA;0;NA;0;0;0;1;NA;NA;NA;0;NA;NA;0;NA;NA;0;NA;NA;0;1;0;NA;NA;1;NA;NA;NA;NA;NA;NA;NA;NA;NA;NA;0;0;0;0;1;0;0;1
